"DESCRIPTION","DURATION IN MS","NAME","PARENT SUITE","START TIME","STATUS","STOP TIME","SUB SUITE","SUITE","TEST CLASS","TEST METHOD"
"","0","never emits a diagonal segment","","Mon Sep 28 13:21:01 UTC 2026","passed","Mon Sep 28 13:21:01 UTC 2026","stepForward","__tests__/modules/product","",""
"","0","does not collapse a flat series onto a single gridline","","Mon Sep 28 13:21:01 UTC 2026","passed","Mon Sep 28 13:21:01 UTC 2026","buildYScale","__tests__/modules/product","",""
"","0","should fall back to the region when there is no city at all","","Mon Sep 28 13:21:00 UTC 2026","passed","Mon Sep 28 13:21:00 UTC 2026","","__tests__/utils","",""
"","0","should label PICKED_WAREHOUSE for the seller","","Mon Sep 28 13:20:29 UTC 2026","passed","Mon Sep 28 13:20:29 UTC 2026","","__tests__/services","",""
"","1","should trim the title when it has surrounding whitespace","","Mon Sep 28 13:21:04 UTC 2026","passed","Mon Sep 28 13:21:04 UTC 2026","","src/modules/_example/__tests__","",""
"","0","should report a plain failure for any other error","","Mon Sep 28 13:20:29 UTC 2026","passed","Mon Sep 28 13:20:29 UTC 2026","","__tests__/services","",""
"","0","should allow cancelling a PENDING order","","Mon Sep 28 13:21:00 UTC 2026","passed","Mon Sep 28 13:21:00 UTC 2026","","src/modules/order/__tests__","",""
"","52378","login-required-modal-login","E2E","Mon Sep 28 10:11:14 UTC 2026","passed","Mon Sep 28 10:12:06 UTC 2026","Test Suite","E2E (Maestro)","login-required-modal-login",""
"","1","never falls back to the primary region's number under another region's label","","Mon Sep 28 13:21:01 UTC 2026","passed","Mon Sep 28 13:21:01 UTC 2026","","__tests__/modules/product","",""
"","0","should use the provided fallback when the API sent none","","Mon Sep 28 13:20:59 UTC 2026","passed","Mon Sep 28 13:20:59 UTC 2026","","__tests__/modules/auth","",""
"","8","fills the exact price when the window is a point","","Mon Sep 28 13:21:00 UTC 2026","passed","Mon Sep 28 13:21:00 UTC 2026","tapping the card","__tests__/listing","",""
"","1","should not allow cancelling a CANCELLED order","","Mon Sep 28 13:21:00 UTC 2026","passed","Mon Sep 28 13:21:00 UTC 2026","","src/modules/order/__tests__","",""
"","1","should keep MINT known so existing listings still label","","Mon Sep 28 13:20:53 UTC 2026","passed","Mon Sep 28 13:20:53 UTC 2026","","__tests__/modules/listing","",""
"","7","has a label for every pill in both languages","","Mon Sep 28 13:21:05 UTC 2026","passed","Mon Sep 28 13:21:05 UTC 2026","","__tests__/modules/product","",""
"","0","returns exit for the first step","","Mon Sep 28 13:21:05 UTC 2026","passed","Mon Sep 28 13:21:05 UTC 2026","","__tests__/modules/listing","",""
"","1","parses as local time so the day does not shift","","Mon Sep 28 13:21:01 UTC 2026","passed","Mon Sep 28 13:21:01 UTC 2026","parseISODate","__tests__/modules/product","",""
"","0","should select the matching option when the stored value is predefined","","Mon Sep 28 13:20:57 UTC 2026","passed","Mon Sep 28 13:20:57 UTC 2026","","__tests__/utils","",""
"","1","reads the SAR listing price off the payload","","Mon Sep 28 13:21:01 UTC 2026","passed","Mon Sep 28 13:21:01 UTC 2026","","__tests__/modules/product","",""
"","0","should return undefined for an unknown country","","Mon Sep 28 13:20:30 UTC 2026","passed","Mon Sep 28 13:20:30 UTC 2026","","__tests__/utils","",""
"","1","should keep a trailing dot so the seller can keep typing","","Mon Sep 28 13:20:53 UTC 2026","passed","Mon Sep 28 13:20:53 UTC 2026","","__tests__/modules/listing","",""
"","0","should drop a leading zero as it did before","","Mon Sep 28 13:20:30 UTC 2026","passed","Mon Sep 28 13:20:30 UTC 2026","","__tests__/utils","",""
"","1","should reject an empty number","","Mon Sep 28 13:20:30 UTC 2026","passed","Mon Sep 28 13:20:30 UTC 2026","","__tests__/utils","",""
"","1","should show while the parcel is still with the seller","","Mon Sep 28 13:20:29 UTC 2026","passed","Mon Sep 28 13:20:29 UTC 2026","","__tests__/services","",""
"","0","should send the condition picked on the Set Price screen","","Mon Sep 28 13:20:53 UTC 2026","passed","Mon Sep 28 13:20:53 UTC 2026","","__tests__/modules/listing","",""
"","2","returns indices that address real points","","Mon Sep 28 13:21:01 UTC 2026","passed","Mon Sep 28 13:21:01 UTC 2026","buildDateTicks","__tests__/modules/product","",""
"Fresh-install (deferred) deep link scenarios.

These cover the one launch that cannot be re-run by hand on a device without
uninstalling first: the first open after a store install, where the deep link
arrives from cached install attribution rather than an inbound URL.

Each `launch()` uses jest.resetModules() to reset module-level state the way a
cold start does, while AsyncStorage contents survive — exactly like a real
app relaunch.","7","keeps the code available while the session lives","","Mon Sep 28 13:20:53 UTC 2026","passed","Mon Sep 28 13:20:53 UTC 2026","","__tests__/services/deeplink","",""
"","155788","seller-verified-skips-kyc","E2E","Mon Sep 28 11:49:11 UTC 2026","passed","Mon Sep 28 11:51:46 UTC 2026","Test Suite","E2E (Maestro)","seller-verified-skips-kyc",""
"","9","tracks saved draft and last route for resume","","Mon Sep 28 13:21:03 UTC 2026","passed","Mon Sep 28 13:21:03 UTC 2026","","__tests__/modules/listing","",""
"","1","uses the API's own vsMarket on the region it was calculated for","","Mon Sep 28 13:21:01 UTC 2026","passed","Mon Sep 28 13:21:01 UTC 2026","","__tests__/modules/product","",""
"","1","should force a new OTP after five wrong codes","","Mon Sep 28 13:20:59 UTC 2026","passed","Mon Sep 28 13:20:59 UTC 2026","","__tests__/modules/auth","",""
"","0","should show OUT_FOR_DELIVERY as PROCESSING","","Mon Sep 28 13:21:00 UTC 2026","passed","Mon Sep 28 13:21:00 UTC 2026","","src/modules/order/__tests__","",""
"","1","should default to Saudi Arabia","","Mon Sep 28 13:20:30 UTC 2026","passed","Mon Sep 28 13:20:30 UTC 2026","","__tests__/utils","",""
"","1","should not overwrite a condition or price the seller already set","","Mon Sep 28 13:20:53 UTC 2026","passed","Mon Sep 28 13:20:53 UTC 2026","","__tests__/modules/listing","",""
"","177259","open-referral-qr","E2E","Mon Sep 28 12:24:21 UTC 2026","passed","Mon Sep 28 12:27:18 UTC 2026","Test Suite","E2E (Maestro)","open-referral-qr",""
"","1","should not map a city to itself","","Mon Sep 28 13:21:00 UTC 2026","passed","Mon Sep 28 13:21:00 UTC 2026","","__tests__/utils","",""
"Buyer My Orders components render the status and actions each order status allows,
under the testIDs the Maestro flows in .maestro/flows/orders/buyer-*.yaml select.","15","should expose a SHIPPED order as PROCESSING on its status badge","","Mon Sep 28 13:20:58 UTC 2026","passed","Mon Sep 28 13:20:58 UTC 2026","","src/modules/order/__tests__","",""
"","11","is not selected while the field holds another amount","","Mon Sep 28 13:21:00 UTC 2026","passed","Mon Sep 28 13:21:00 UTC 2026","tapping the card","__tests__/listing","",""
"","1","should name the file after the shipment when there is no tracking number","","Mon Sep 28 13:20:29 UTC 2026","passed","Mon Sep 28 13:20:29 UTC 2026","","__tests__/services","",""
"","0","should default to the first condition card, New","","Mon Sep 28 13:20:53 UTC 2026","passed","Mon Sep 28 13:20:53 UTC 2026","","__tests__/modules/listing","",""
"","0","should not allow it with a tracking number but no label url","","Mon Sep 28 13:20:29 UTC 2026","passed","Mon Sep 28 13:20:29 UTC 2026","","__tests__/services","",""
"","1","start clears state left over from a previous run","","Mon Sep 28 13:20:59 UTC 2026","passed","Mon Sep 28 13:20:59 UTC 2026","bookkeeping","__tests__/shared","",""
"","4","renders nothing when there are no ranges at all","","Mon Sep 28 13:21:00 UTC 2026","passed","Mon Sep 28 13:21:00 UTC 2026","rendering","__tests__/listing","",""
"","0","should return empty when there is nothing to work with","","Mon Sep 28 13:21:00 UTC 2026","passed","Mon Sep 28 13:21:00 UTC 2026","","__tests__/utils","",""
"","0","should return an empty string for an invalid Saudi number","","Mon Sep 28 13:20:30 UTC 2026","passed","Mon Sep 28 13:20:30 UTC 2026","","__tests__/utils","",""
"","0","should ignore blank backend option values","","Mon Sep 28 13:20:57 UTC 2026","passed","Mon Sep 28 13:20:57 UTC 2026","","__tests__/utils","",""
"","6","should not report Other when the attribute does not allow custom values","","Mon Sep 28 13:20:57 UTC 2026","passed","Mon Sep 28 13:20:57 UTC 2026","","__tests__/utils","",""
"","77671","login-country-selection","E2E","Mon Sep 28 11:05:07 UTC 2026","failed","Mon Sep 28 11:06:24 UTC 2026","Test Suite","E2E (Maestro)","login-country-selection",""
"Fresh-install (deferred) deep link scenarios.

These cover the one launch that cannot be re-run by hand on a device without
uninstalling first: the first open after a store install, where the deep link
arrives from cached install attribution rather than an inbound URL.

Each `launch()` uses jest.resetModules() to reset module-level state the way a
cold start does, while AsyncStorage contents survive — exactly like a real
app relaunch.","11","opens signup with the referral code applied","","Mon Sep 28 13:20:53 UTC 2026","passed","Mon Sep 28 13:20:53 UTC 2026","","__tests__/services/deeplink","",""
"","0","should fail without touching the network when there is no url to build","","Mon Sep 28 13:20:29 UTC 2026","passed","Mon Sep 28 13:20:29 UTC 2026","","__tests__/services","",""
"","0","should never auto-fill the price from a recommendation","","Mon Sep 28 13:20:59 UTC 2026","passed","Mon Sep 28 13:20:59 UTC 2026","","__tests__/modules/listing","",""
"","103","shows the placeholder on every tile instead of hiding","","Mon Sep 28 13:21:02 UTC 2026","passed","Mon Sep 28 13:21:02 UTC 2026","","__tests__/modules/market","",""
"","7","shows the market price for MINT","","Mon Sep 28 13:21:00 UTC 2026","passed","Mon Sep 28 13:21:00 UTC 2026","rendering","__tests__/listing","",""
"","1","should apply Saudi rules on login when Saudi Arabia is selected","","Mon Sep 28 13:20:30 UTC 2026","passed","Mon Sep 28 13:20:30 UTC 2026","","__tests__/utils","",""
"","51797","product-detail-add-to-cart-guest","E2E","Mon Sep 28 10:07:22 UTC 2026","passed","Mon Sep 28 10:08:14 UTC 2026","Test Suite","E2E (Maestro)","product-detail-add-to-cart-guest",""
"Seller's sold-orders screens: the list (status chips, rows carrying their status)
and the order detail (waybill + tracking controls, and the outcome of a waybill
download). The Maestro flows in .maestro/flows/orders/seller-*.yaml drive these on
the real QA seller; these tests cover the states that account may not be in.","801","should show the four stat cards and the status chips, with All selected","","Mon Sep 28 13:20:51 UTC 2026","passed","Mon Sep 28 13:20:52 UTC 2026","","__tests__/screens","",""
"","1","should trust a hierarchy that describes the app's own screen","","Mon Sep 28 13:20:54 UTC 2026","passed","Mon Sep 28 13:20:54 UTC 2026","","__tests__/scripts","",""
"","1","should ignore a missing or non-positive recommended price","","Mon Sep 28 13:20:53 UTC 2026","passed","Mon Sep 28 13:20:53 UTC 2026","","__tests__/modules/listing","",""
"","0","should report not-ready when the label endpoint answers 409","","Mon Sep 28 13:20:29 UTC 2026","passed","Mon Sep 28 13:20:29 UTC 2026","","__tests__/services","",""
"","0","treats a positive amount as unavailable when the server says so","","Mon Sep 28 13:20:57 UTC 2026","passed","Mon Sep 28 13:20:57 UTC 2026","","__tests__/shared","",""
"Fresh-install (deferred) deep link scenarios.

These cover the one launch that cannot be re-run by hand on a device without
uninstalling first: the first open after a store install, where the deep link
arrives from cached install attribution rather than an inbound URL.

Each `launch()` uses jest.resetModules() to reset module-level state the way a
cold start does, while AsyncStorage contents survive — exactly like a real
app relaunch.","6","stops polling and navigates nothing for an organic install","","Mon Sep 28 13:20:53 UTC 2026","passed","Mon Sep 28 13:20:53 UTC 2026","","__tests__/services/deeplink","",""
"","0","returns null when nothing carries a listing price","","Mon Sep 28 13:21:01 UTC 2026","passed","Mon Sep 28 13:21:01 UTC 2026","","__tests__/modules/product","",""
"","0","is true when the band was split","","Mon Sep 28 13:21:03 UTC 2026","passed","Mon Sep 28 13:21:03 UTC 2026","","__tests__/listing","",""
"","150025","login-success-buyer","E2E","Mon Sep 28 11:06:24 UTC 2026","passed","Mon Sep 28 11:08:54 UTC 2026","Test Suite","E2E (Maestro)","login-success-buyer",""
"","1","locks and unlocks payment","","Mon Sep 28 13:21:03 UTC 2026","passed","Mon Sep 28 13:21:03 UTC 2026","","__tests__/modules/checkout","",""
"","0","should not apply the Saudi leading-5 rule to other countries","","Mon Sep 28 13:20:30 UTC 2026","passed","Mon Sep 28 13:20:30 UTC 2026","","__tests__/utils","",""
"","1","rounds the axis to human-readable intervals","","Mon Sep 28 13:21:01 UTC 2026","passed","Mon Sep 28 13:21:01 UTC 2026","buildYScale","__tests__/modules/product","",""
"","2","passes multiple genders as array for API","","Mon Sep 28 13:21:05 UTC 2026","passed","Mon Sep 28 13:21:05 UTC 2026","","__tests__/modules/product","",""
"","2","restarts the budget for a different request","","Mon Sep 28 13:21:03 UTC 2026","passed","Mon Sep 28 13:21:03 UTC 2026","","__tests__/shared","",""
"","159299","buyer-orders-pending","E2E","Mon Sep 28 10:36:11 UTC 2026","passed","Mon Sep 28 10:38:50 UTC 2026","Test Suite","E2E (Maestro)","buyer-orders-pending",""
"","0","should apply to watch categories","","Mon Sep 28 13:20:59 UTC 2026","passed","Mon Sep 28 13:20:59 UTC 2026","","__tests__/modules/listing","",""
"","0","should show PARTIALLY_SHIPPED as PROCESSING","","Mon Sep 28 13:21:00 UTC 2026","passed","Mon Sep 28 13:21:00 UTC 2026","","src/modules/order/__tests__","",""
"","53721","navigate-to-signup","E2E","Mon Sep 28 10:19:10 UTC 2026","passed","Mon Sep 28 10:20:03 UTC 2026","Test Suite","E2E (Maestro)","navigate-to-signup",""
"Buyer My Orders components render the status and actions each order status allows,
under the testIDs the Maestro flows in .maestro/flows/orders/buyer-*.yaml select.","35","should render one tab per status filter, in order","","Mon Sep 28 13:20:58 UTC 2026","passed","Mon Sep 28 13:20:58 UTC 2026","","src/modules/order/__tests__","",""
"","0","respects the requested precision","","Mon Sep 28 13:21:04 UTC 2026","passed","Mon Sep 28 13:21:04 UTC 2026","formatSignedPct","src/modules/market/__tests__","",""
"","0","falls back to the product list snapshot","","Mon Sep 28 13:21:01 UTC 2026","passed","Mon Sep 28 13:21:01 UTC 2026","","__tests__/modules/product","",""
"","0","emits nothing and returns empty for no media","","Mon Sep 28 13:21:04 UTC 2026","passed","Mon Sep 28 13:21:04 UTC 2026","","__tests__/modules/listing","",""
"","0","should mark a just-created shipment as current on its first stage","","Mon Sep 28 13:20:29 UTC 2026","passed","Mon Sep 28 13:20:29 UTC 2026","","__tests__/services","",""
"","0","ignores a listing priced in another currency and uses vsMarket instead","","Mon Sep 28 13:21:01 UTC 2026","passed","Mon Sep 28 13:21:01 UTC 2026","","__tests__/modules/product","",""
"","89","renders one row per region in g · na · eu · as order","","Mon Sep 28 13:21:01 UTC 2026","passed","Mon Sep 28 13:21:01 UTC 2026","","__tests__/shared","",""
"","2","should trim digits beyond the country's maximum length","","Mon Sep 28 13:20:30 UTC 2026","passed","Mon Sep 28 13:20:30 UTC 2026","","__tests__/utils","",""
"","0","should compose the url from the shipment id when the backend sent none","","Mon Sep 28 13:20:29 UTC 2026","passed","Mon Sep 28 13:20:29 UTC 2026","","__tests__/services","",""
"","2","derives vsMarket from the listing price on any other region","","Mon Sep 28 13:21:01 UTC 2026","passed","Mon Sep 28 13:21:01 UTC 2026","","__tests__/modules/product","",""
"","0","should report nothing selected when there is no stored value","","Mon Sep 28 13:20:57 UTC 2026","passed","Mon Sep 28 13:20:57 UTC 2026","","__tests__/utils","",""
"","9","stops reporting at the image that fails","","Mon Sep 28 13:21:04 UTC 2026","passed","Mon Sep 28 13:21:04 UTC 2026","","__tests__/modules/listing","",""
"","3","caps at 99 even when every step is individually complete","","Mon Sep 28 13:20:59 UTC 2026","passed","Mon Sep 28 13:20:59 UTC 2026","never reports 100% before success","__tests__/shared","",""
"","1","should label IN_TRANSIT for the seller","","Mon Sep 28 13:20:29 UTC 2026","passed","Mon Sep 28 13:20:29 UTC 2026","","__tests__/services","",""
"","0","holds each value until the next date, then jumps","","Mon Sep 28 13:21:01 UTC 2026","passed","Mon Sep 28 13:21:01 UTC 2026","stepForward","__tests__/modules/product","",""
"Buyer My Orders components render the status and actions each order status allows,
under the testIDs the Maestro flows in .maestro/flows/orders/buyer-*.yaml select.","20","should not offer tracking for a CANCELLED order","","Mon Sep 28 13:20:59 UTC 2026","passed","Mon Sep 28 13:20:59 UTC 2026","","src/modules/order/__tests__","",""
"","1","fullResetPaymentState clears everything","","Mon Sep 28 13:21:03 UTC 2026","passed","Mon Sep 28 13:21:03 UTC 2026","","__tests__/modules/checkout","",""
"","0","should never emit +966 for a valid PK number","","Mon Sep 28 13:20:30 UTC 2026","passed","Mon Sep 28 13:20:30 UTC 2026","","__tests__/utils","",""
"","1","should become ready on retail alone, since that is a usable suggestion","","Mon Sep 28 13:20:59 UTC 2026","passed","Mon Sep 28 13:20:59 UTC 2026","","__tests__/modules/listing","",""
"","0","should hide once the shipment is IN_AUTHENTICATION","","Mon Sep 28 13:20:29 UTC 2026","passed","Mon Sep 28 13:20:29 UTC 2026","","__tests__/services","",""
"","1","marks success and clears recovery data","","Mon Sep 28 13:21:03 UTC 2026","passed","Mon Sep 28 13:21:03 UTC 2026","","__tests__/modules/checkout","",""
"","0","should not match a longer alphanumeric token","","Mon Sep 28 13:21:03 UTC 2026","passed","Mon Sep 28 13:21:03 UTC 2026","","__tests__/utils","",""
"","0","should leave {""text"":""Sep 28, 2026""} readable","","Mon Sep 28 13:20:54 UTC 2026","passed","Mon Sep 28 13:20:54 UTC 2026","","__tests__/scripts","",""
"Fresh-install (deferred) deep link scenarios.

These cover the one launch that cannot be re-run by hand on a device without
uninstalling first: the first open after a store install, where the deep link
arrives from cached install attribution rather than an inbound URL.

Each `launch()` uses jest.resetModules() to reset module-level state the way a
cold start does, while AsyncStorage contents survive — exactly like a real
app relaunch.","4","navigates only once even though polling continues","","Mon Sep 28 13:20:53 UTC 2026","passed","Mon Sep 28 13:20:53 UTC 2026","","__tests__/services/deeplink","",""
"Buyer My Orders components render the status and actions each order status allows,
under the testIDs the Maestro flows in .maestro/flows/orders/buyer-*.yaml select.","8","should expose a PARTIALLY_CANCELLED order as PARTIALLY_CANCELLED on its status badge","","Mon Sep 28 13:20:58 UTC 2026","passed","Mon Sep 28 13:20:58 UTC 2026","","src/modules/order/__tests__","",""
"","1","should return the search term","","Mon Sep 28 13:21:04 UTC 2026","passed","Mon Sep 28 13:21:04 UTC 2026","","src/modules/_example/__tests__","",""
"","2","leaves later steps pending even when progress is high","","Mon Sep 28 13:20:59 UTC 2026","passed","Mon Sep 28 13:20:59 UTC 2026","steps are never driven by the percentage","__tests__/shared","",""
"","182977","open-negotiations","E2E","Mon Sep 28 11:36:17 UTC 2026","passed","Mon Sep 28 11:39:20 UTC 2026","Test Suite","E2E (Maestro)","open-negotiations",""
"","1","should accept a valid AE number and format it to E.164","","Mon Sep 28 13:20:30 UTC 2026","passed","Mon Sep 28 13:20:30 UTC 2026","","__tests__/utils","",""
"","1","should never show when there is no label to print","","Mon Sep 28 13:20:29 UTC 2026","passed","Mon Sep 28 13:20:29 UTC 2026","","__tests__/services","",""
"","1","resetPaymentState preserves pendingRecovery","","Mon Sep 28 13:21:03 UTC 2026","passed","Mon Sep 28 13:21:03 UTC 2026","","__tests__/modules/checkout","",""
"","0","should accept a numeric string","","Mon Sep 28 13:20:59 UTC 2026","passed","Mon Sep 28 13:20:59 UTC 2026","","__tests__/modules/listing","",""
"","115383","login-invalid-otp","E2E","Mon Sep 28 10:16:10 UTC 2026","passed","Mon Sep 28 10:18:05 UTC 2026","Test Suite","E2E (Maestro)","login-invalid-otp",""
"","0","should leave the tab status PARTIALLY_CANCELLED unchanged","","Mon Sep 28 13:21:00 UTC 2026","passed","Mon Sep 28 13:21:00 UTC 2026","","src/modules/order/__tests__","",""
"","159564","seller-my-listings","E2E","Mon Sep 28 11:51:46 UTC 2026","passed","Mon Sep 28 11:54:26 UTC 2026","Test Suite","E2E (Maestro)","seller-my-listings",""
"","0","should prefer the API message","","Mon Sep 28 13:20:59 UTC 2026","passed","Mon Sep 28 13:20:59 UTC 2026","","__tests__/modules/auth","",""
"","0","trusts historyStatus pending","","Mon Sep 28 13:21:04 UTC 2026","passed","Mon Sep 28 13:21:04 UTC 2026","with historyStatus (current backend)","__tests__/modules/product","",""
"Fresh-install (deferred) deep link scenarios.

These cover the one launch that cannot be re-run by hand on a device without
uninstalling first: the first open after a store install, where the deep link
arrives from cached install attribution rather than an inbound URL.

Each `launch()` uses jest.resetModules() to reset module-level state the way a
cold start does, while AsyncStorage contents survive — exactly like a real
app relaunch.","3","cancels pending polls on cleanup","","Mon Sep 28 13:20:53 UTC 2026","passed","Mon Sep 28 13:20:53 UTC 2026","","__tests__/services/deeplink","",""
"","0","serializes filter fields to query params","","Mon Sep 28 13:21:03 UTC 2026","passed","Mon Sep 28 13:21:03 UTC 2026","filterToQueryParams","__tests__/modules/product","",""
"","0","should give a status filter's regex exactly the rows it means","","Mon Sep 28 13:21:03 UTC 2026","passed","Mon Sep 28 13:21:03 UTC 2026","","src/modules/order/__tests__","",""
"","0","should fall back to a default wait when Retry-After is missing","","Mon Sep 28 13:20:59 UTC 2026","passed","Mon Sep 28 13:20:59 UTC 2026","","__tests__/modules/auth","",""
"","0","should return an empty string when formatting an invalid number","","Mon Sep 28 13:20:30 UTC 2026","passed","Mon Sep 28 13:20:30 UTC 2026","","__tests__/utils","",""
"","0","should hide once the shipment is IN_TRANSIT","","Mon Sep 28 13:20:29 UTC 2026","passed","Mon Sep 28 13:20:29 UTC 2026","","__tests__/services","",""
"","1","should describe a PENDING shipment","","Mon Sep 28 13:21:00 UTC 2026","passed","Mon Sep 28 13:21:00 UTC 2026","","src/modules/order/__tests__","",""
"Seller's sold-orders screens: the list (status chips, rows carrying their status)
and the order detail (waybill + tracking controls, and the outcome of a waybill
download). The Maestro flows in .maestro/flows/orders/seller-*.yaml drive these on
the real QA seller; these tests cover the states that account may not be in.","122","should report a download that returns {""ok"":false,""notReady"":true} as 'notReady'","","Mon Sep 28 13:20:51 UTC 2026","passed","Mon Sep 28 13:20:51 UTC 2026","waybill","__tests__/screens","",""
"","1","should ignore case in timeline statuses","","Mon Sep 28 13:20:29 UTC 2026","passed","Mon Sep 28 13:20:29 UTC 2026","","__tests__/services","",""
"","58854","guest-checkout-requires-login","E2E","Mon Sep 28 10:08:14 UTC 2026","passed","Mon Sep 28 10:09:12 UTC 2026","Test Suite","E2E (Maestro)","guest-checkout-requires-login",""
"","1","should treat details as complete without manual catalog attributes when reference is selected","","Mon Sep 28 13:21:04 UTC 2026","passed","Mon Sep 28 13:21:04 UTC 2026","","__tests__/modules/listing","",""
"","1","should reject anything else","","Mon Sep 28 13:21:03 UTC 2026","passed","Mon Sep 28 13:21:03 UTC 2026","","__tests__/utils","",""
"","0","should leave {""resource-id"":""tab-button-account""} readable","","Mon Sep 28 13:20:54 UTC 2026","passed","Mon Sep 28 13:20:54 UTC 2026","","__tests__/scripts","",""
"","1","should not allow cancelling a COMPLETED order","","Mon Sep 28 13:21:00 UTC 2026","passed","Mon Sep 28 13:21:00 UTC 2026","","src/modules/order/__tests__","",""
"","1","accepts amounts sent as numeric strings","","Mon Sep 28 13:21:03 UTC 2026","passed","Mon Sep 28 13:21:03 UTC 2026","","__tests__/listing","",""
"","1","should read a status from a wrapped error","","Mon Sep 28 13:20:59 UTC 2026","passed","Mon Sep 28 13:20:59 UTC 2026","","__tests__/modules/auth","",""
"Buyer My Orders components render the status and actions each order status allows,
under the testIDs the Maestro flows in .maestro/flows/orders/buyer-*.yaml select.","10","should expose a CANCELLED order as CANCELLED on its status badge","","Mon Sep 28 13:20:58 UTC 2026","passed","Mon Sep 28 13:20:58 UTC 2026","","src/modules/order/__tests__","",""
"","0","should offer tracking for a PROCESSING order","","Mon Sep 28 13:21:00 UTC 2026","passed","Mon Sep 28 13:21:00 UTC 2026","","src/modules/order/__tests__","",""
"","2","stops the moment every region is cached","","Mon Sep 28 13:21:03 UTC 2026","passed","Mon Sep 28 13:21:03 UTC 2026","","__tests__/shared","",""
"","0","should handle a space separator instead of a comma","","Mon Sep 28 13:21:03 UTC 2026","passed","Mon Sep 28 13:21:03 UTC 2026","","__tests__/utils","",""
"","0","should drop a pasted 966 prefix as it did before","","Mon Sep 28 13:20:30 UTC 2026","passed","Mon Sep 28 13:20:30 UTC 2026","","__tests__/utils","",""
"","1","should return null for attribute types that already have a picker","","Mon Sep 28 13:20:57 UTC 2026","passed","Mon Sep 28 13:20:57 UTC 2026","","__tests__/utils","",""
"","0","should label DELIVERED for the seller","","Mon Sep 28 13:20:29 UTC 2026","passed","Mon Sep 28 13:20:29 UTC 2026","","__tests__/services","",""
"Seller's sold-orders screens: the list (status chips, rows carrying their status)
and the order detail (waybill + tracking controls, and the outcome of a waybill
download). The Maestro flows in .maestro/flows/orders/seller-*.yaml drive these on
the real QA seller; these tests cover the states that account may not be in.","2775","should show the order header, its shipment and the payment status","","Mon Sep 28 13:20:48 UTC 2026","passed","Mon Sep 28 13:20:50 UTC 2026","","__tests__/screens","",""
"","0","should describe a AUTHENTICATION shipment","","Mon Sep 28 13:21:00 UTC 2026","passed","Mon Sep 28 13:21:00 UTC 2026","","src/modules/order/__tests__","",""
"","7","renders the tab layout for the buyer PDP","","Mon Sep 28 13:21:01 UTC 2026","passed","Mon Sep 28 13:21:01 UTC 2026","","__tests__/shared","",""
"","0","should keep the Saudi input limit at 9 digits","","Mon Sep 28 13:20:30 UTC 2026","passed","Mon Sep 28 13:20:30 UTC 2026","","__tests__/utils","",""
"","2","does not poll while disabled","","Mon Sep 28 13:21:03 UTC 2026","passed","Mon Sep 28 13:21:03 UTC 2026","","__tests__/shared","",""
"","21","survives an array large enough to blow a spread call","","Mon Sep 28 13:21:01 UTC 2026","passed","Mon Sep 28 13:21:01 UTC 2026","extent","__tests__/modules/product","",""
"","473","should withhold — and write nothing — when the screen is behind an overlay","","Mon Sep 28 13:20:56 UTC 2026","passed","Mon Sep 28 13:20:56 UTC 2026","","__tests__/scripts","",""
"","1","passes a single gender as string","","Mon Sep 28 13:21:05 UTC 2026","passed","Mon Sep 28 13:21:05 UTC 2026","","__tests__/modules/product","",""
"","0","removes a single filter key","","Mon Sep 28 13:21:03 UTC 2026","passed","Mon Sep 28 13:21:03 UTC 2026","removeFilterKey","__tests__/modules/product","",""
"","173404","open-wishlists","E2E","Mon Sep 28 11:24:13 UTC 2026","passed","Mon Sep 28 11:27:07 UTC 2026","Test Suite","E2E (Maestro)","open-wishlists",""
"","0","should never mask the whole screen because a full-screen container carries the text","","Mon Sep 28 13:20:54 UTC 2026","passed","Mon Sep 28 13:20:54 UTC 2026","","__tests__/scripts","",""
"","0","should narrow as more digits of the calling code are typed","","Mon Sep 28 13:20:30 UTC 2026","passed","Mon Sep 28 13:20:30 UTC 2026","","__tests__/utils","",""
"","3","should accept a 9-digit number starting with 5","","Mon Sep 28 13:20:30 UTC 2026","passed","Mon Sep 28 13:20:30 UTC 2026","","__tests__/utils","",""
"","1","exposes the running step","","Mon Sep 28 13:20:59 UTC 2026","passed","Mon Sep 28 13:20:59 UTC 2026","bookkeeping","__tests__/shared","",""
"","0","reads a cheaper listing as below market","","Mon Sep 28 13:20:57 UTC 2026","passed","Mon Sep 28 13:20:57 UTC 2026","","__tests__/shared","",""
"","1","hides the card for used grades when volatility was unavailable","","Mon Sep 28 13:21:03 UTC 2026","passed","Mon Sep 28 13:21:03 UTC 2026","","__tests__/listing","",""
"","1","should preselect New and the recommended price for a referenced watch","","Mon Sep 28 13:20:53 UTC 2026","passed","Mon Sep 28 13:20:53 UTC 2026","","__tests__/modules/listing","",""
"","10","should open the file directly when the share sheet is unavailable","","Mon Sep 28 13:20:29 UTC 2026","passed","Mon Sep 28 13:20:29 UTC 2026","","__tests__/services","",""
"","1","returns null for missing values so callers can show an empty state","","Mon Sep 28 13:21:04 UTC 2026","passed","Mon Sep 28 13:21:04 UTC 2026","formatSignedPct","src/modules/market/__tests__","",""
"","0","counts wizard and stepper steps for an early draft","","Mon Sep 28 13:21:03 UTC 2026","passed","Mon Sep 28 13:21:03 UTC 2026","","__tests__/modules/listing","",""
"","1","should mask {""resource-id"":""otp-input""}","","Mon Sep 28 13:20:54 UTC 2026","passed","Mon Sep 28 13:20:54 UTC 2026","","__tests__/scripts","",""
"","0","should be case-insensitive about the header name","","Mon Sep 28 13:20:59 UTC 2026","passed","Mon Sep 28 13:20:59 UTC 2026","","__tests__/modules/auth","",""
"","0","treats near-zero moves as flat","","Mon Sep 28 13:21:04 UTC 2026","passed","Mon Sep 28 13:21:04 UTC 2026","resolveTrendDirection","src/modules/market/__tests__","",""
"","1","should accept a positive number","","Mon Sep 28 13:20:59 UTC 2026","passed","Mon Sep 28 13:20:59 UTC 2026","","__tests__/modules/listing","",""
"","0","should offer tracking for a SHIPPED order","","Mon Sep 28 13:21:00 UTC 2026","passed","Mon Sep 28 13:21:00 UTC 2026","","src/modules/order/__tests__","",""
"","2","keeps a step in_progress after its work reports 100%","","Mon Sep 28 13:20:59 UTC 2026","passed","Mon Sep 28 13:20:59 UTC 2026","steps are never driven by the percentage","__tests__/shared","",""
"","2","selects a product by id","","Mon Sep 28 13:21:05 UTC 2026","passed","Mon Sep 28 13:21:05 UTC 2026","","__tests__/modules/product","",""
"","0","should not allow cancelling a CANCELED order","","Mon Sep 28 13:21:00 UTC 2026","passed","Mon Sep 28 13:21:00 UTC 2026","","src/modules/order/__tests__","",""
"","0","returns exit for routes outside create-listing","","Mon Sep 28 13:21:05 UTC 2026","passed","Mon Sep 28 13:21:05 UTC 2026","","__tests__/modules/listing","",""
"","1","should send a numeric basePrice for a formatted price","","Mon Sep 28 13:20:53 UTC 2026","passed","Mon Sep 28 13:20:53 UTC 2026","","__tests__/modules/listing","",""
"","0","should hide once the shipment is CANCELLED","","Mon Sep 28 13:20:29 UTC 2026","passed","Mon Sep 28 13:20:29 UTC 2026","","__tests__/services","",""
"","0","should not offer tracking for a DELIVERED order","","Mon Sep 28 13:21:00 UTC 2026","passed","Mon Sep 28 13:21:00 UTC 2026","","src/modules/order/__tests__","",""
"","180163","seller-orders-filter-cancelled","E2E","Mon Sep 28 12:11:39 UTC 2026","passed","Mon Sep 28 12:14:39 UTC 2026","Test Suite","E2E (Maestro)","seller-orders-filter-cancelled",""
"Seller's sold-orders screens: the list (status chips, rows carrying their status)
and the order detail (waybill + tracking controls, and the outcome of a waybill
download). The Maestro flows in .maestro/flows/orders/seller-*.yaml drive these on
the real QA seller; these tests cover the states that account may not be in.","111","should open DHL tracking for segment 1 in the in-app browser","","Mon Sep 28 13:20:51 UTC 2026","passed","Mon Sep 28 13:20:51 UTC 2026","tracking","__tests__/screens","",""
"","1","throws when the server returns no file reference","","Mon Sep 28 13:21:04 UTC 2026","passed","Mon Sep 28 13:21:04 UTC 2026","","__tests__/modules/listing","",""
"","3","should give every card a short description","","Mon Sep 28 13:20:53 UTC 2026","passed","Mon Sep 28 13:20:53 UTC 2026","","__tests__/modules/listing","",""
"","42149","open-empty-cart","E2E","Mon Sep 28 10:04:24 UTC 2026","passed","Mon Sep 28 10:05:06 UTC 2026","Test Suite","E2E (Maestro)","open-empty-cart",""
"","2","returns false for buyers and unknown statuses","","Mon Sep 28 13:21:05 UTC 2026","passed","Mon Sep 28 13:21:05 UTC 2026","","__tests__/utils","",""
"","161882","seller-overview","E2E","Mon Sep 28 11:54:26 UTC 2026","passed","Mon Sep 28 11:57:08 UTC 2026","Test Suite","E2E (Maestro)","seller-overview",""
"","1","should keep the Saudi placeholder identical to the existing one","","Mon Sep 28 13:20:30 UTC 2026","passed","Mon Sep 28 13:20:30 UTC 2026","","__tests__/utils","",""
"","1","should not match a code that is not at the start","","Mon Sep 28 13:21:03 UTC 2026","passed","Mon Sep 28 13:21:03 UTC 2026","","__tests__/utils","",""
"","0","should describe a DELIVERED shipment","","Mon Sep 28 13:21:00 UTC 2026","passed","Mon Sep 28 13:21:00 UTC 2026","","src/modules/order/__tests__","",""
"","108424","03-payment-card-form","E2E","Mon Sep 28 12:47:19 UTC 2026","failed","Mon Sep 28 12:49:08 UTC 2026","Test Suite","E2E (Maestro)","03-payment-card-form",""
"","1","should return null with neither a url nor a shipment id","","Mon Sep 28 13:20:29 UTC 2026","passed","Mon Sep 28 13:20:29 UTC 2026","","__tests__/services","",""
"","0","should omit the attribute when nothing was selected","","Mon Sep 28 13:20:57 UTC 2026","passed","Mon Sep 28 13:20:57 UTC 2026","","__tests__/utils","",""
"","232","stays on screen when the API has nothing mapped","","Mon Sep 28 13:21:02 UTC 2026","passed","Mon Sep 28 13:21:02 UTC 2026","","__tests__/modules/market","",""
"Seller's sold-orders screens: the list (status chips, rows carrying their status)
and the order detail (waybill + tracking controls, and the outcome of a waybill
download). The Maestro flows in .maestro/flows/orders/seller-*.yaml drive these on
the real QA seller; these tests cover the states that account may not be in.","132","should report a download that returns {""ok"":true} as 'ok'","","Mon Sep 28 13:20:51 UTC 2026","passed","Mon Sep 28 13:20:51 UTC 2026","waybill","__tests__/screens","",""
"","8","switches to year labels once the span exceeds two years","","Mon Sep 28 13:21:01 UTC 2026","passed","Mon Sep 28 13:21:01 UTC 2026","buildDateTicks","__tests__/modules/product","",""
"","0","should split the code off a real Google SA address","","Mon Sep 28 13:21:03 UTC 2026","passed","Mon Sep 28 13:21:03 UTC 2026","","__tests__/utils","",""
"","0","should offer tracking for a PARTIALLY_DELIVERED order","","Mon Sep 28 13:21:00 UTC 2026","passed","Mon Sep 28 13:21:00 UTC 2026","","src/modules/order/__tests__","",""
"","0","should fall back to the order's own item count, and never report zero","","Mon Sep 28 13:21:00 UTC 2026","passed","Mon Sep 28 13:21:00 UTC 2026","","src/modules/order/__tests__","",""
"","0","should not block statuses the backend decides on","","Mon Sep 28 13:21:04 UTC 2026","passed","Mon Sep 28 13:21:04 UTC 2026","","__tests__/utils","",""
"","1","builds a draft row with fallback title","","Mon Sep 28 13:21:03 UTC 2026","passed","Mon Sep 28 13:21:03 UTC 2026","","__tests__/modules/listing","",""
"","0","matches the API's own above-market figure","","Mon Sep 28 13:20:57 UTC 2026","passed","Mon Sep 28 13:20:57 UTC 2026","","__tests__/shared","",""
"Seller's sold-orders screens: the list (status chips, rows carrying their status)
and the order detail (waybill + tracking controls, and the outcome of a waybill
download). The Maestro flows in .maestro/flows/orders/seller-*.yaml drive these on
the real QA seller; these tests cover the states that account may not be in.","46","should select a chip when tapped","","Mon Sep 28 13:20:52 UTC 2026","passed","Mon Sep 28 13:20:52 UTC 2026","","__tests__/screens","",""
"","3","should accept a Saudi number on login when no country is supplied","","Mon Sep 28 13:20:30 UTC 2026","passed","Mon Sep 28 13:20:30 UTC 2026","","__tests__/utils","",""
"Buyer My Orders components render the status and actions each order status allows,
under the testIDs the Maestro flows in .maestro/flows/orders/buyer-*.yaml select.","19","should collapse long orders behind a 'more items' control","","Mon Sep 28 13:20:58 UTC 2026","passed","Mon Sep 28 13:20:58 UTC 2026","","src/modules/order/__tests__","",""
"","2","tracks partial upload progress","","Mon Sep 28 13:20:59 UTC 2026","passed","Mon Sep 28 13:20:59 UTC 2026","percentage reflects real weighted work","__tests__/shared","",""
"","1","prefers an explicit backend direction over the sign","","Mon Sep 28 13:21:04 UTC 2026","passed","Mon Sep 28 13:21:04 UTC 2026","resolveTrendDirection","src/modules/market/__tests__","",""
"","0","should not strip a suffix that is part of the name","","Mon Sep 28 13:21:00 UTC 2026","passed","Mon Sep 28 13:21:00 UTC 2026","","__tests__/utils","",""
"","10","should keep the dataset's alphabetical order in the results","","Mon Sep 28 13:20:30 UTC 2026","passed","Mon Sep 28 13:20:30 UTC 2026","","__tests__/utils","",""
"","1","should prefer current when the API marks a stage both current and completed","","Mon Sep 28 13:21:03 UTC 2026","passed","Mon Sep 28 13:21:03 UTC 2026","","src/modules/order/__tests__","",""
"","2","should anchor a missing condition to the price row","","Mon Sep 28 13:20:53 UTC 2026","passed","Mon Sep 28 13:20:53 UTC 2026","","__tests__/modules/listing","",""
"","0","should say cancelled when the vendor's part was cancelled, whatever the shipment says","","Mon Sep 28 13:21:00 UTC 2026","passed","Mon Sep 28 13:21:00 UTC 2026","","src/modules/order/__tests__","",""
"","2","should match an option regardless of case or padding","","Mon Sep 28 13:20:57 UTC 2026","passed","Mon Sep 28 13:20:57 UTC 2026","","__tests__/utils","",""
"","0","should prefer backend options over the configured preset","","Mon Sep 28 13:20:57 UTC 2026","passed","Mon Sep 28 13:20:57 UTC 2026","","__tests__/utils","",""
"","1","should apply aliases to the region fallback too","","Mon Sep 28 13:21:00 UTC 2026","passed","Mon Sep 28 13:21:00 UTC 2026","","__tests__/utils","",""
"","0","keeps the usual order when nothing is recommended","","Mon Sep 28 13:20:57 UTC 2026","passed","Mon Sep 28 13:20:57 UTC 2026","","__tests__/shared","",""
"","1","should map a product with no discount to an empty discount field","","Mon Sep 28 13:20:53 UTC 2026","passed","Mon Sep 28 13:20:53 UTC 2026","","__tests__/modules/listing","",""
"","0","ranks review ahead of details","","Mon Sep 28 13:21:04 UTC 2026","passed","Mon Sep 28 13:21:04 UTC 2026","","__tests__/modules/listing","",""
"","3","should size the screen from the window, not from RTL content laid out off-screen","","Mon Sep 28 13:20:54 UTC 2026","passed","Mon Sep 28 13:20:54 UTC 2026","","__tests__/scripts","",""
"","11","handles legacy logout action type","","Mon Sep 28 13:21:05 UTC 2026","passed","Mon Sep 28 13:21:05 UTC 2026","","__tests__/store","",""
"","0","should not send a signup 401 to signup","","Mon Sep 28 13:20:59 UTC 2026","passed","Mon Sep 28 13:20:59 UTC 2026","","__tests__/modules/auth","",""
"","1","should strip a pasted calling code","","Mon Sep 28 13:20:30 UTC 2026","passed","Mon Sep 28 13:20:30 UTC 2026","","__tests__/utils","",""
"","1","should add a missing leading slash to the relative url","","Mon Sep 28 13:20:29 UTC 2026","passed","Mon Sep 28 13:20:29 UTC 2026","","__tests__/services","",""
"","1","should accept a valid IN number and format it to E.164","","Mon Sep 28 13:20:30 UTC 2026","passed","Mon Sep 28 13:20:30 UTC 2026","","__tests__/utils","",""
"","1","should be sorted by English name","","Mon Sep 28 13:20:30 UTC 2026","passed","Mon Sep 28 13:20:30 UTC 2026","","__tests__/utils","",""
"","0","should not carry an invalid number into Saudi Arabia when switching back","","Mon Sep 28 13:20:30 UTC 2026","passed","Mon Sep 28 13:20:30 UTC 2026","","__tests__/utils","",""
"","0","should restore filters and selection when resetExampleFilters is dispatched","","Mon Sep 28 13:21:04 UTC 2026","passed","Mon Sep 28 13:21:04 UTC 2026","","src/modules/_example/__tests__","",""
"","2","should leave a plain city alone","","Mon Sep 28 13:21:00 UTC 2026","passed","Mon Sep 28 13:21:00 UTC 2026","","__tests__/utils","",""
"","16","still shows a skeleton while loading, not the placeholder","","Mon Sep 28 13:21:02 UTC 2026","passed","Mon Sep 28 13:21:02 UTC 2026","","__tests__/modules/market","",""
"","0","should become ready once the market price lands","","Mon Sep 28 13:20:59 UTC 2026","passed","Mon Sep 28 13:20:59 UTC 2026","","__tests__/modules/listing","",""
"","1","should allow cancelling a CONFIRMED order","","Mon Sep 28 13:21:00 UTC 2026","passed","Mon Sep 28 13:21:00 UTC 2026","","src/modules/order/__tests__","",""
"","0","should treat a wrong code as retryable","","Mon Sep 28 13:20:59 UTC 2026","passed","Mon Sep 28 13:20:59 UTC 2026","","__tests__/modules/auth","",""
"","1","should resolve the dial code for US","","Mon Sep 28 13:20:30 UTC 2026","passed","Mon Sep 28 13:20:30 UTC 2026","","__tests__/utils","",""
"","1","should accept a formatted price","","Mon Sep 28 13:20:53 UTC 2026","passed","Mon Sep 28 13:20:53 UTC 2026","","__tests__/modules/listing","",""
"","2","should read a status nested under data","","Mon Sep 28 13:20:59 UTC 2026","passed","Mon Sep 28 13:20:59 UTC 2026","","__tests__/modules/auth","",""
"","0","lands on the recommended region by default","","Mon Sep 28 13:20:57 UTC 2026","passed","Mon Sep 28 13:20:57 UTC 2026","","__tests__/shared","",""
"","1","should merge partial filters when setFilters is dispatched","","Mon Sep 28 13:21:04 UTC 2026","passed","Mon Sep 28 13:21:04 UTC 2026","","src/modules/_example/__tests__","",""
"","0","should return null for a plain text attribute with no configured options","","Mon Sep 28 13:20:57 UTC 2026","passed","Mon Sep 28 13:20:57 UTC 2026","","__tests__/utils","",""
"","0","should hide once the shipment is PICKED_WAREHOUSE","","Mon Sep 28 13:20:29 UTC 2026","passed","Mon Sep 28 13:20:29 UTC 2026","","__tests__/services","",""
"","165246","create-listing-gender-step","E2E","Mon Sep 28 12:27:18 UTC 2026","passed","Mon Sep 28 12:30:03 UTC 2026","Test Suite","E2E (Maestro)","create-listing-gender-step",""
"","158982","buyer-orders-processing","E2E","Mon Sep 28 10:38:50 UTC 2026","passed","Mon Sep 28 10:41:29 UTC 2026","Test Suite","E2E (Maestro)","buyer-orders-processing",""
"","1","should not emit catalog attribute review issues when reference is selected","","Mon Sep 28 13:21:04 UTC 2026","passed","Mon Sep 28 13:21:04 UTC 2026","","__tests__/modules/listing","",""
"Buyer My Orders components render the status and actions each order status allows,
under the testIDs the Maestro flows in .maestro/flows/orders/buyer-*.yaml select.","32","should not offer tracking for a DELIVERED order","","Mon Sep 28 13:20:59 UTC 2026","passed","Mon Sep 28 13:20:59 UTC 2026","","src/modules/order/__tests__","",""
"","1","returns null for missing, empty or unusable input","","Mon Sep 28 13:21:03 UTC 2026","passed","Mon Sep 28 13:21:03 UTC 2026","","__tests__/listing","",""
"","1","should never produce an empty segment","","Mon Sep 28 13:21:03 UTC 2026","passed","Mon Sep 28 13:21:03 UTC 2026","","src/modules/order/__tests__","",""
"","0","should report active filters when a search term is present","","Mon Sep 28 13:21:04 UTC 2026","passed","Mon Sep 28 13:21:04 UTC 2026","","src/modules/_example/__tests__","",""
"","0","should describe a CANCELLED shipment","","Mon Sep 28 13:21:00 UTC 2026","passed","Mon Sep 28 13:21:00 UTC 2026","","src/modules/order/__tests__","",""
"","3","counts only stepper steps once model is selected","","Mon Sep 28 13:21:03 UTC 2026","passed","Mon Sep 28 13:21:03 UTC 2026","","__tests__/modules/listing","",""
"","1","weights each step by its declared share","","Mon Sep 28 13:20:59 UTC 2026","passed","Mon Sep 28 13:20:59 UTC 2026","percentage reflects real weighted work","__tests__/shared","",""
"","0","should never emit +966 for a valid IN number","","Mon Sep 28 13:20:30 UTC 2026","passed","Mon Sep 28 13:20:30 UTC 2026","","__tests__/utils","",""
"","0","should lock a shipment once it is out for delivery","","Mon Sep 28 13:21:00 UTC 2026","passed","Mon Sep 28 13:21:00 UTC 2026","","src/modules/order/__tests__","",""
"","7","fills the market price for MINT","","Mon Sep 28 13:21:00 UTC 2026","passed","Mon Sep 28 13:21:00 UTC 2026","tapping the card","__tests__/listing","",""
"","1","should apply Saudi rules when no country is passed","","Mon Sep 28 13:20:30 UTC 2026","passed","Mon Sep 28 13:20:30 UTC 2026","","__tests__/utils","",""
"","0","should handle an Arabic comma separator","","Mon Sep 28 13:21:03 UTC 2026","passed","Mon Sep 28 13:21:03 UTC 2026","","__tests__/utils","",""
"Seller's sold-orders screens: the list (status chips, rows carrying their status)
and the order detail (waybill + tracking controls, and the outcome of a waybill
download). The Maestro flows in .maestro/flows/orders/seller-*.yaml drive these on
the real QA seller; these tests cover the states that account may not be in.","116","should drop the banner but keep the download once DHL has collected the parcel","","Mon Sep 28 13:20:50 UTC 2026","passed","Mon Sep 28 13:20:51 UTC 2026","waybill","__tests__/screens","",""
"","1","hides the amount on rows the backend has not cached","","Mon Sep 28 13:20:57 UTC 2026","passed","Mon Sep 28 13:20:57 UTC 2026","","__tests__/shared","",""
"","5","renders nothing for a payload with no regional block","","Mon Sep 28 13:21:01 UTC 2026","passed","Mon Sep 28 13:21:01 UTC 2026","","__tests__/shared","",""
"","2","merges base with updates, updates take precedence","","Mon Sep 28 13:21:03 UTC 2026","passed","Mon Sep 28 13:21:03 UTC 2026","mergeFilters","__tests__/modules/product","",""
"","1","should send a predefined option as the value itself","","Mon Sep 28 13:20:57 UTC 2026","passed","Mon Sep 28 13:20:57 UTC 2026","","__tests__/utils","",""
"","0","should resolve the dial code for GB","","Mon Sep 28 13:20:30 UTC 2026","passed","Mon Sep 28 13:20:30 UTC 2026","","__tests__/utils","",""
"","1","should re-apply Saudi rules when switching back from another country","","Mon Sep 28 13:20:30 UTC 2026","passed","Mon Sep 28 13:20:30 UTC 2026","","__tests__/utils","",""
"","123193","open-profile-detail","E2E","Mon Sep 28 10:29:38 UTC 2026","passed","Mon Sep 28 10:31:41 UTC 2026","Test Suite","E2E (Maestro)","open-profile-detail",""
"","0","should treat DELIVERED as finished, not in progress","","Mon Sep 28 13:20:29 UTC 2026","passed","Mon Sep 28 13:20:29 UTC 2026","","__tests__/services","",""
"","148540","buyer-orders-delivered","E2E","Mon Sep 28 10:43:51 UTC 2026","passed","Mon Sep 28 10:46:19 UTC 2026","Test Suite","E2E (Maestro)","buyer-orders-delivered",""
"","0","should collapse double slashes but keep the protocol's","","Mon Sep 28 13:20:29 UTC 2026","passed","Mon Sep 28 13:20:29 UTC 2026","","__tests__/services","",""
"","1","counts each active dimension","","Mon Sep 28 13:21:03 UTC 2026","passed","Mon Sep 28 13:21:03 UTC 2026","hasActiveFilters / countActiveFilters / withFilterMeta","__tests__/modules/product","",""
"","0","should offer Yes/No without Other for a handle drop attribute","","Mon Sep 28 13:20:57 UTC 2026","passed","Mon Sep 28 13:20:57 UTC 2026","","__tests__/utils","",""
"","0","should call a stage current, completed or pending","","Mon Sep 28 13:21:03 UTC 2026","passed","Mon Sep 28 13:21:03 UTC 2026","","src/modules/order/__tests__","",""
"","0","should distrust one that only shows an overlay — the field behind it is invisible to it","","Mon Sep 28 13:20:54 UTC 2026","passed","Mon Sep 28 13:20:54 UTC 2026","","__tests__/scripts","",""
"","0","should mask {""resource-id"":""sellerOrderDetail-text-seg1Tracking""}","","Mon Sep 28 13:20:54 UTC 2026","passed","Mon Sep 28 13:20:54 UTC 2026","","__tests__/scripts","",""
"","0","should keep a leading digit that is part of the number","","Mon Sep 28 13:20:30 UTC 2026","passed","Mon Sep 28 13:20:30 UTC 2026","","__tests__/utils","",""
"","3","labels each month over a 6M range, skipping the partial first month","","Mon Sep 28 13:21:01 UTC 2026","passed","Mon Sep 28 13:21:01 UTC 2026","buildDateTicks","__tests__/modules/product","",""
"","0","returns defaults for pagination and sorting","","Mon Sep 28 13:21:03 UTC 2026","passed","Mon Sep 28 13:21:03 UTC 2026","createEmptyFilter","__tests__/modules/product","",""
"","0","should not treat 'Welcome Back' on the login screen as the home greeting","","Mon Sep 28 13:20:54 UTC 2026","passed","Mon Sep 28 13:20:54 UTC 2026","","__tests__/scripts","",""
"","0","shows no price at all for a region still loading","","Mon Sep 28 13:21:01 UTC 2026","passed","Mon Sep 28 13:21:01 UTC 2026","","__tests__/modules/product","",""
"","0","should never be resolved as a stored value","","Mon Sep 28 13:20:57 UTC 2026","passed","Mon Sep 28 13:20:57 UTC 2026","","__tests__/utils","",""
"","172991","delete-account-cancel","E2E","Mon Sep 28 11:39:20 UTC 2026","passed","Mon Sep 28 11:42:13 UTC 2026","Test Suite","E2E (Maestro)","delete-account-cancel",""
"","187521","open-inbox-buyer","E2E","Mon Sep 28 11:30:20 UTC 2026","failed","Mon Sep 28 11:33:28 UTC 2026","Test Suite","E2E (Maestro)","open-inbox-buyer",""
"","1","should format to +966 E.164","","Mon Sep 28 13:20:30 UTC 2026","passed","Mon Sep 28 13:20:30 UTC 2026","","__tests__/utils","",""
"","0","should send no discount when it is not below the price","","Mon Sep 28 13:20:53 UTC 2026","passed","Mon Sep 28 13:20:53 UTC 2026","","__tests__/modules/listing","",""
"","0","should report unavailable when WatchCharts does not know the reference","","Mon Sep 28 13:20:59 UTC 2026","passed","Mon Sep 28 13:20:59 UTC 2026","","__tests__/modules/listing","",""
"","40195","launch-and-tabs","E2E","Mon Sep 28 10:58:51 UTC 2026","passed","Mon Sep 28 10:59:31 UTC 2026","Test Suite","E2E (Maestro)","launch-and-tabs",""
"","1","should still require a phone number","","Mon Sep 28 13:20:30 UTC 2026","passed","Mon Sep 28 13:20:30 UTC 2026","","__tests__/utils","",""
"","0","should fall back to amount when the source currency is already SAR","","Mon Sep 28 13:20:59 UTC 2026","passed","Mon Sep 28 13:20:59 UTC 2026","","__tests__/modules/listing","",""
"","0","should reject an empty number","","Mon Sep 28 13:20:30 UTC 2026","passed","Mon Sep 28 13:20:30 UTC 2026","","__tests__/utils","",""
"","0","should replace a condition the backend does not accept","","Mon Sep 28 13:20:53 UTC 2026","passed","Mon Sep 28 13:20:53 UTC 2026","","__tests__/modules/listing","",""
"","0","should leave {""text"":""SAR 25,000""} readable","","Mon Sep 28 13:20:54 UTC 2026","passed","Mon Sep 28 13:20:54 UTC 2026","","__tests__/scripts","",""
"Buyer My Orders components render the status and actions each order status allows,
under the testIDs the Maestro flows in .maestro/flows/orders/buyer-*.yaml select.","9","should show the order number and open the action sheet for THIS order","","Mon Sep 28 13:20:58 UTC 2026","passed","Mon Sep 28 13:20:58 UTC 2026","","src/modules/order/__tests__","",""
"","0","prefers a localized label over the English one from the API","","Mon Sep 28 13:20:57 UTC 2026","passed","Mon Sep 28 13:20:57 UTC 2026","","__tests__/shared","",""
"","0","should ignore malformed bounds","","Mon Sep 28 13:20:54 UTC 2026","passed","Mon Sep 28 13:20:54 UTC 2026","","__tests__/scripts","",""
"","0","should fall back to segment 1's status when the shipment has none","","Mon Sep 28 13:20:29 UTC 2026","passed","Mon Sep 28 13:20:29 UTC 2026","","__tests__/services","",""
"","0","should not offer tracking for a CANCELED order","","Mon Sep 28 13:21:00 UTC 2026","passed","Mon Sep 28 13:21:00 UTC 2026","","src/modules/order/__tests__","",""
"","0","ignores a bound with non-positive or unparsable amounts","","Mon Sep 28 13:21:03 UTC 2026","passed","Mon Sep 28 13:21:03 UTC 2026","","__tests__/listing","",""
"","60953","search-bar-opens-shop","E2E","Mon Sep 28 10:59:31 UTC 2026","failed","Mon Sep 28 11:00:32 UTC 2026","Test Suite","E2E (Maestro)","search-bar-opens-shop",""
"","2","should set the search term when setSearch is dispatched","","Mon Sep 28 13:21:04 UTC 2026","passed","Mon Sep 28 13:21:04 UTC 2026","","src/modules/_example/__tests__","",""
"Buyer My Orders components render the status and actions each order status allows,
under the testIDs the Maestro flows in .maestro/flows/orders/buyer-*.yaml select.","18","should report the tapped tab","","Mon Sep 28 13:20:58 UTC 2026","passed","Mon Sep 28 13:20:58 UTC 2026","","src/modules/order/__tests__","",""
"","1","should cap typed input at 9 digits","","Mon Sep 28 13:20:30 UTC 2026","passed","Mon Sep 28 13:20:30 UTC 2026","","__tests__/utils","",""
"","0","should leave listings without a reference untouched","","Mon Sep 28 13:20:53 UTC 2026","passed","Mon Sep 28 13:20:53 UTC 2026","","__tests__/modules/listing","",""
"","1","should not block when the status is missing","","Mon Sep 28 13:21:04 UTC 2026","passed","Mon Sep 28 13:21:04 UTC 2026","","__tests__/utils","",""
"","1","fully contains the data range","","Mon Sep 28 13:21:01 UTC 2026","passed","Mon Sep 28 13:21:01 UTC 2026","buildYScale","__tests__/modules/product","",""
"","163155","05-seller-sees-order","E2E","Mon Sep 28 12:52:31 UTC 2026","passed","Mon Sep 28 12:55:14 UTC 2026","Test Suite","E2E (Maestro)","05-seller-sees-order",""
"Fresh-install (deferred) deep link scenarios.

These cover the one launch that cannot be re-run by hand on a device without
uninstalling first: the first open after a store install, where the deep link
arrives from cached install attribution rather than an inbound URL.

Each `launch()` uses jest.resetModules() to reset module-level state the way a
cold start does, while AsyncStorage contents survive — exactly like a real
app relaunch.","6","does not double-navigate when the SDK resolve event fires first","","Mon Sep 28 13:20:53 UTC 2026","passed","Mon Sep 28 13:20:53 UTC 2026","","__tests__/services/deeplink","",""
"","1","advances saved last route when moving forward","","Mon Sep 28 13:21:04 UTC 2026","passed","Mon Sep 28 13:21:04 UTC 2026","","__tests__/modules/listing","",""
"","203005","clear-cart-confirm","E2E","Mon Sep 28 12:32:54 UTC 2026","failed","Mon Sep 28 12:36:17 UTC 2026","Test Suite","E2E (Maestro)","clear-cart-confirm",""
"","1","has no signal for an unmatched watch or a bare empty window","","Mon Sep 28 13:21:04 UTC 2026","passed","Mon Sep 28 13:21:04 UTC 2026","without historyStatus (older backend)","__tests__/modules/product","",""
"","1","should index cards, menus and stages from zero","","Mon Sep 28 13:21:03 UTC 2026","passed","Mon Sep 28 13:21:03 UTC 2026","","src/modules/order/__tests__","",""
"","0","should resolve the dial code for PK","","Mon Sep 28 13:20:30 UTC 2026","passed","Mon Sep 28 13:20:30 UTC 2026","","__tests__/utils","",""
"","0","should not use a USD amount as if it were SAR","","Mon Sep 28 13:20:59 UTC 2026","passed","Mon Sep 28 13:20:59 UTC 2026","","__tests__/modules/listing","",""
"","141352","buyer-orders-filter-partially-delivered","E2E","Mon Sep 28 10:41:29 UTC 2026","passed","Mon Sep 28 10:43:51 UTC 2026","Test Suite","E2E (Maestro)","buyer-orders-filter-partially-delivered",""
"","1","keeps the usual order when Global is recommended","","Mon Sep 28 13:20:57 UTC 2026","passed","Mon Sep 28 13:20:57 UTC 2026","","__tests__/shared","",""
"Seller's sold-orders screens: the list (status chips, rows carrying their status)
and the order detail (waybill + tracking controls, and the outcome of a waybill
download). The Maestro flows in .maestro/flows/orders/seller-*.yaml drive these on
the real QA seller; these tests cover the states that account may not be in.","11","should offer a retry when the list fails to load","","Mon Sep 28 13:20:52 UTC 2026","passed","Mon Sep 28 13:20:52 UTC 2026","","__tests__/screens","",""
"","54582","signup-screen-loads","E2E","Mon Sep 28 10:20:03 UTC 2026","passed","Mon Sep 28 10:20:58 UTC 2026","Test Suite","E2E (Maestro)","signup-screen-loads",""
"","0","should still send a signup 409 to login on verify","","Mon Sep 28 13:20:59 UTC 2026","passed","Mon Sep 28 13:20:59 UTC 2026","","__tests__/modules/auth","",""
"","0","should not count a whitespace-only search as an active filter","","Mon Sep 28 13:21:04 UTC 2026","passed","Mon Sep 28 13:21:04 UTC 2026","","src/modules/_example/__tests__","",""
"","1","should stay loading while both prices are missing","","Mon Sep 28 13:20:59 UTC 2026","passed","Mon Sep 28 13:20:59 UTC 2026","","__tests__/modules/listing","",""
"","2","should leave cities DHL already accepts untouched","","Mon Sep 28 13:21:00 UTC 2026","passed","Mon Sep 28 13:21:00 UTC 2026","","__tests__/utils","",""
"","0","should switch palette in dark mode","","Mon Sep 28 13:21:00 UTC 2026","passed","Mon Sep 28 13:21:00 UTC 2026","","src/modules/order/__tests__","",""
"","0","should report not-ready for an empty file instead of sharing it","","Mon Sep 28 13:20:29 UTC 2026","passed","Mon Sep 28 13:20:29 UTC 2026","","__tests__/services","",""
"","101778","open-inbox-guest","E2E","Mon Sep 28 11:03:25 UTC 2026","failed","Mon Sep 28 11:05:07 UTC 2026","Test Suite","E2E (Maestro)","open-inbox-guest",""
"","1","should resolve the Saudi dial code to +966","","Mon Sep 28 13:20:30 UTC 2026","passed","Mon Sep 28 13:20:30 UTC 2026","","__tests__/utils","",""
"","0","should not allow cancelling a DELIVERED order","","Mon Sep 28 13:21:00 UTC 2026","passed","Mon Sep 28 13:21:00 UTC 2026","","src/modules/order/__tests__","",""
"","0","should describe a IN_PROGRESS shipment","","Mon Sep 28 13:21:00 UTC 2026","passed","Mon Sep 28 13:21:00 UTC 2026","","src/modules/order/__tests__","",""
"","1","is false when only NEW came back","","Mon Sep 28 13:21:03 UTC 2026","passed","Mon Sep 28 13:21:03 UTC 2026","","__tests__/listing","",""
"","20","should refuse to build a payload without a valid price","","Mon Sep 28 13:20:53 UTC 2026","passed","Mon Sep 28 13:20:53 UTC 2026","","__tests__/modules/listing","",""
"","0","should prefer the explicit discountAmount","","Mon Sep 28 13:20:53 UTC 2026","passed","Mon Sep 28 13:20:53 UTC 2026","","__tests__/modules/listing","",""
"","343285","seller-orders-filter-pending","E2E","Mon Sep 28 11:59:54 UTC 2026","failed","Mon Sep 28 12:05:37 UTC 2026","Test Suite","E2E (Maestro)","seller-orders-filter-pending",""
"","0","should report no active filters when the state is untouched","","Mon Sep 28 13:21:04 UTC 2026","passed","Mon Sep 28 13:21:04 UTC 2026","","src/modules/_example/__tests__","",""
"Buyer My Orders components render the status and actions each order status allows,
under the testIDs the Maestro flows in .maestro/flows/orders/buyer-*.yaml select.","5","should render nothing without an order","","Mon Sep 28 13:20:59 UTC 2026","passed","Mon Sep 28 13:20:59 UTC 2026","","src/modules/order/__tests__","",""
"","171238","buyer-orders-filter-partially-cancelled","E2E","Mon Sep 28 11:11:43 UTC 2026","passed","Mon Sep 28 11:14:35 UTC 2026","Test Suite","E2E (Maestro)","buyer-orders-filter-partially-cancelled",""
"","0","should return every country for an empty or whitespace query","","Mon Sep 28 13:20:30 UTC 2026","passed","Mon Sep 28 13:20:30 UTC 2026","","__tests__/utils","",""
"","0","should normalize the extracted code","","Mon Sep 28 13:21:03 UTC 2026","passed","Mon Sep 28 13:21:03 UTC 2026","","__tests__/utils","",""
"","4","should box out the phone field, scaled from points to pixels, and nothing else","","Mon Sep 28 13:20:54 UTC 2026","passed","Mon Sep 28 13:20:54 UTC 2026","","__tests__/scripts","",""
"","0","defaults to the 7d window","","Mon Sep 28 13:21:04 UTC 2026","passed","Mon Sep 28 13:21:04 UTC 2026","emptyMarketMovers","src/modules/market/__tests__","",""
"","0","is false once any region carries a price","","Mon Sep 28 13:20:57 UTC 2026","passed","Mon Sep 28 13:20:57 UTC 2026","","__tests__/shared","",""
"","10","transitions to WEBVIEW_OPEN when session is set","","Mon Sep 28 13:21:03 UTC 2026","passed","Mon Sep 28 13:21:03 UTC 2026","","__tests__/modules/checkout","",""
"","4","starts idle with every step pending and no progress","","Mon Sep 28 13:20:59 UTC 2026","passed","Mon Sep 28 13:20:59 UTC 2026","","__tests__/shared","",""
"","0","should mask {""text"":""+966 55 970 0003""}","","Mon Sep 28 13:20:54 UTC 2026","passed","Mon Sep 28 13:20:54 UTC 2026","","__tests__/scripts","",""
"","1","should handle empty and missing input","","Mon Sep 28 13:21:03 UTC 2026","passed","Mon Sep 28 13:21:03 UTC 2026","","__tests__/utils","",""
"","0","should not treat a street name plus number as a code","","Mon Sep 28 13:21:03 UTC 2026","passed","Mon Sep 28 13:21:03 UTC 2026","","__tests__/utils","",""
"","188900","seller-order-waybill-download","E2E","Mon Sep 28 12:18:01 UTC 2026","passed","Mon Sep 28 12:21:10 UTC 2026","Test Suite","E2E (Maestro)","seller-order-waybill-download",""
"","170495","product-detail-make-offer","E2E","Mon Sep 28 12:30:03 UTC 2026","passed","Mon Sep 28 12:32:54 UTC 2026","Test Suite","E2E (Maestro)","product-detail-make-offer",""
"","1","produces roughly the requested number of ticks","","Mon Sep 28 13:21:01 UTC 2026","passed","Mon Sep 28 13:21:01 UTC 2026","buildYScale","__tests__/modules/product","",""
"","1","dispatches logout, purges persist, rehydrates theme, then persists","","Mon Sep 28 13:21:05 UTC 2026","passed","Mon Sep 28 13:21:05 UTC 2026","","__tests__/modules/auth","",""
"","1","should allow a 15-digit ceiling for the input field","","Mon Sep 28 13:20:30 UTC 2026","passed","Mon Sep 28 13:20:30 UTC 2026","","__tests__/utils","",""
"","1","should resolve the dial code for AE","","Mon Sep 28 13:20:30 UTC 2026","passed","Mon Sep 28 13:20:30 UTC 2026","","__tests__/utils","",""
"","0","should report unavailable once the poll window closes with no price","","Mon Sep 28 13:20:59 UTC 2026","passed","Mon Sep 28 13:20:59 UTC 2026","","__tests__/modules/listing","",""
"","1","should describe a READY_TO_SHIP shipment","","Mon Sep 28 13:21:00 UTC 2026","passed","Mon Sep 28 13:21:00 UTC 2026","","src/modules/order/__tests__","",""
"","143573","buyer-orders-filter-all","E2E","Mon Sep 28 10:33:47 UTC 2026","passed","Mon Sep 28 10:36:11 UTC 2026","Test Suite","E2E (Maestro)","buyer-orders-filter-all",""
"","0","should reject a too-long number","","Mon Sep 28 13:20:30 UTC 2026","passed","Mon Sep 28 13:20:30 UTC 2026","","__tests__/utils","",""
"","1","should mask {""resource-id"":""login-input-phone""}","","Mon Sep 28 13:20:54 UTC 2026","passed","Mon Sep 28 13:20:54 UTC 2026","","__tests__/scripts","",""
"","1","reports once per uploaded image, in order","","Mon Sep 28 13:21:04 UTC 2026","passed","Mon Sep 28 13:21:04 UTC 2026","","__tests__/modules/listing","",""
"","1","should match on the calling code with or without a plus","","Mon Sep 28 13:20:30 UTC 2026","passed","Mon Sep 28 13:20:30 UTC 2026","","__tests__/utils","",""
"","1","should label CREATED for the seller","","Mon Sep 28 13:20:29 UTC 2026","passed","Mon Sep 28 13:20:29 UTC 2026","","__tests__/services","",""
"","0","should keep every Handle Drop option valid","","Mon Sep 28 13:20:57 UTC 2026","passed","Mon Sep 28 13:20:57 UTC 2026","","__tests__/utils","",""
"","2","gives a request switched mid-wait its full budget","","Mon Sep 28 13:21:03 UTC 2026","passed","Mon Sep 28 13:21:03 UTC 2026","","__tests__/shared","",""
"","2","honours a custom cadence and attempt budget","","Mon Sep 28 13:21:03 UTC 2026","passed","Mon Sep 28 13:21:03 UTC 2026","","__tests__/shared","",""
"","6","should return undefined for a shipment with no carrier segments","","Mon Sep 28 13:20:29 UTC 2026","passed","Mon Sep 28 13:20:29 UTC 2026","","__tests__/services","",""
"","0","should return null when the header is absent or unusable","","Mon Sep 28 13:20:59 UTC 2026","passed","Mon Sep 28 13:20:59 UTC 2026","","__tests__/modules/auth","",""
"","1","should always list the six stages in shipping order","","Mon Sep 28 13:20:29 UTC 2026","passed","Mon Sep 28 13:20:29 UTC 2026","","__tests__/services","",""
"","0","should describe a COMPLETED shipment","","Mon Sep 28 13:21:00 UTC 2026","passed","Mon Sep 28 13:21:00 UTC 2026","","src/modules/order/__tests__","",""
"","196635","buyer-orders-cancelled","E2E","Mon Sep 28 11:14:35 UTC 2026","passed","Mon Sep 28 11:17:51 UTC 2026","Test Suite","E2E (Maestro)","buyer-orders-cancelled",""
"","1","should be false for DROPDOWN and BOOLEAN","","Mon Sep 28 13:20:57 UTC 2026","passed","Mon Sep 28 13:20:57 UTC 2026","","__tests__/utils","",""
"","1","trusts historyStatus ready","","Mon Sep 28 13:21:04 UTC 2026","passed","Mon Sep 28 13:21:04 UTC 2026","with historyStatus (current backend)","__tests__/modules/product","",""
"","1","handles a small-magnitude range","","Mon Sep 28 13:21:01 UTC 2026","passed","Mon Sep 28 13:21:01 UTC 2026","buildYScale","__tests__/modules/product","",""
"","1","should classify a rate limit and carry Retry-After","","Mon Sep 28 13:20:59 UTC 2026","passed","Mon Sep 28 13:20:59 UTC 2026","","__tests__/modules/auth","",""
"Fresh-install (deferred) deep link scenarios.

These cover the one launch that cannot be re-run by hand on a device without
uninstalling first: the first open after a store install, where the deep link
arrives from cached install attribution rather than an inbound URL.

Each `launch()` uses jest.resetModules() to reset module-level state the way a
cold start does, while AsyncStorage contents survive — exactly like a real
app relaunch.","161","routes to product detail when attribution lands after several seconds","","Mon Sep 28 13:20:53 UTC 2026","passed","Mon Sep 28 13:20:53 UTC 2026","","__tests__/services/deeplink","",""
"","1","should use backend-provided options when present","","Mon Sep 28 13:20:57 UTC 2026","passed","Mon Sep 28 13:20:57 UTC 2026","","__tests__/utils","",""
"","111745","toggle-notifications","E2E","Mon Sep 28 10:02:32 UTC 2026","passed","Mon Sep 28 10:04:24 UTC 2026","Test Suite","E2E (Maestro)","toggle-notifications",""
"","2","returns a new object without mutating the source","","Mon Sep 28 13:21:05 UTC 2026","passed","Mon Sep 28 13:21:05 UTC 2026","","__tests__/modules/cart","",""
"","0","should strip a national trunk prefix","","Mon Sep 28 13:20:30 UTC 2026","passed","Mon Sep 28 13:20:30 UTC 2026","","__tests__/utils","",""
"","42","stays on screen when the request fails outright","","Mon Sep 28 13:21:02 UTC 2026","passed","Mon Sep 28 13:21:02 UTC 2026","","__tests__/modules/market","",""
"","26","renders one card per region with the same amount rules","","Mon Sep 28 13:21:01 UTC 2026","passed","Mon Sep 28 13:21:01 UTC 2026","card layout for the seller Price step","__tests__/shared","",""
"","2","derives direction from the sign when none is given","","Mon Sep 28 13:21:04 UTC 2026","passed","Mon Sep 28 13:21:04 UTC 2026","resolveTrendDirection","src/modules/market/__tests__","",""
"","1","retry clears every step back to pending and re-arms the run","","Mon Sep 28 13:20:59 UTC 2026","passed","Mon Sep 28 13:20:59 UTC 2026","failure","__tests__/shared","",""
"","12","reads as unavailable rather than loading once polling has stopped","","Mon Sep 28 13:21:01 UTC 2026","passed","Mon Sep 28 13:21:01 UTC 2026","","__tests__/shared","",""
"","0","should send a login on an unknown phone to signup","","Mon Sep 28 13:20:59 UTC 2026","passed","Mon Sep 28 13:20:59 UTC 2026","","__tests__/modules/auth","",""
"","0","counts reused remote media as resolved work","","Mon Sep 28 13:21:04 UTC 2026","passed","Mon Sep 28 13:21:04 UTC 2026","","__tests__/modules/listing","",""
"","2","returns true once gender is selected","","Mon Sep 28 13:21:03 UTC 2026","passed","Mon Sep 28 13:21:03 UTC 2026","","__tests__/modules/listing","",""
"","0","maps each direction to a glyph","","Mon Sep 28 13:21:04 UTC 2026","passed","Mon Sep 28 13:21:04 UTC 2026","trendArrow","src/modules/market/__tests__","",""
"","77632","create-listing-publish-complete","E2E","Mon Sep 28 12:42:50 UTC 2026","failed","Mon Sep 28 12:44:08 UTC 2026","Test Suite","E2E (Maestro)","create-listing-publish-complete",""
"","0","should return empty when there is no message","","Mon Sep 28 13:20:59 UTC 2026","passed","Mon Sep 28 13:20:59 UTC 2026","","__tests__/modules/auth","",""
"","159914","list-now-seller","E2E","Mon Sep 28 11:46:31 UTC 2026","passed","Mon Sep 28 11:49:11 UTC 2026","Test Suite","E2E (Maestro)","list-now-seller",""
"","46355","open-product-from-shop","E2E","Mon Sep 28 10:06:35 UTC 2026","passed","Mon Sep 28 10:07:22 UTC 2026","Test Suite","E2E (Maestro)","open-product-from-shop",""
"","0","should use the region when no locality is present","","Mon Sep 28 13:21:00 UTC 2026","passed","Mon Sep 28 13:21:00 UTC 2026","","__tests__/utils","",""
"","2","stores the detail line reported alongside progress","","Mon Sep 28 13:20:59 UTC 2026","passed","Mon Sep 28 13:20:59 UTC 2026","bookkeeping","__tests__/shared","",""
"","62815","login-empty-phone","E2E","Mon Sep 28 10:12:06 UTC 2026","passed","Mon Sep 28 10:13:09 UTC 2026","Test Suite","E2E (Maestro)","login-empty-phone",""
"","0","accepts the string amounts this API actually sends","","Mon Sep 28 13:20:57 UTC 2026","passed","Mon Sep 28 13:20:57 UTC 2026","","__tests__/shared","",""
"","189369","buyer-checkout-cpay-gateway","E2E","Mon Sep 28 12:39:41 UTC 2026","failed","Mon Sep 28 12:42:50 UTC 2026","Test Suite","E2E (Maestro)","buyer-checkout-cpay-gateway",""
"","1","should map every alias to a non-empty city","","Mon Sep 28 13:21:00 UTC 2026","passed","Mon Sep 28 13:21:00 UTC 2026","","__tests__/utils","",""
"","1","does not downgrade saved last route when stepping back","","Mon Sep 28 13:21:04 UTC 2026","passed","Mon Sep 28 13:21:04 UTC 2026","","__tests__/modules/listing","",""
"Seller's sold-orders screens: the list (status chips, rows carrying their status)
and the order detail (waybill + tracking controls, and the outcome of a waybill
download). The Maestro flows in .maestro/flows/orders/seller-*.yaml drive these on
the real QA seller; these tests cover the states that account may not be in.","145","should expand the first shipment's timeline and let the seller collapse it","","Mon Sep 28 13:20:51 UTC 2026","passed","Mon Sep 28 13:20:51 UTC 2026","tracking","__tests__/screens","",""
"","1","reads the quote block off a catalog/prices payload","","Mon Sep 28 13:20:57 UTC 2026","passed","Mon Sep 28 13:20:57 UTC 2026","","__tests__/shared","",""
"","0","marks the recommended region so the UI can highlight it","","Mon Sep 28 13:20:57 UTC 2026","passed","Mon Sep 28 13:20:57 UTC 2026","","__tests__/shared","",""
"Buyer My Orders components render the status and actions each order status allows,
under the testIDs the Maestro flows in .maestro/flows/orders/buyer-*.yaml select.","10","should fall back to the raw status when there is no list status","","Mon Sep 28 13:20:58 UTC 2026","passed","Mon Sep 28 13:20:58 UTC 2026","","src/modules/order/__tests__","",""
"","1","should map Diriyah to Riyadh","","Mon Sep 28 13:21:00 UTC 2026","passed","Mon Sep 28 13:21:00 UTC 2026","","__tests__/utils","",""
"","1","is case and whitespace tolerant on the condition value","","Mon Sep 28 13:21:03 UTC 2026","passed","Mon Sep 28 13:21:03 UTC 2026","","__tests__/listing","",""
"","7","rounds a midpoint that lands on a half","","Mon Sep 28 13:21:00 UTC 2026","passed","Mon Sep 28 13:21:00 UTC 2026","tapping the card","__tests__/listing","",""
"","2","closes the band and connects the two edges at the last point","","Mon Sep 28 13:21:01 UTC 2026","passed","Mon Sep 28 13:21:01 UTC 2026","buildBandPath","__tests__/modules/product","",""
"","8","renders nothing when the condition has no window","","Mon Sep 28 13:21:00 UTC 2026","passed","Mon Sep 28 13:21:00 UTC 2026","rendering","__tests__/listing","",""
"","1","should leave the tab status PROCESSING unchanged","","Mon Sep 28 13:21:00 UTC 2026","passed","Mon Sep 28 13:21:00 UTC 2026","","src/modules/order/__tests__","",""
"","1","should use the carrier's own tracking url when there is one","","Mon Sep 28 13:20:29 UTC 2026","passed","Mon Sep 28 13:20:29 UTC 2026","","__tests__/services","",""
"","7","puts the badge on its own tinted panel","","Mon Sep 28 13:21:00 UTC 2026","passed","Mon Sep 28 13:21:00 UTC 2026","dark-theme colours (Figma)","__tests__/listing","",""
"","0","should label CANCELLED for the seller","","Mon Sep 28 13:20:29 UTC 2026","passed","Mon Sep 28 13:20:29 UTC 2026","","__tests__/services","",""
"","1","should accept a valid PK number and format it to E.164","","Mon Sep 28 13:20:30 UTC 2026","passed","Mon Sep 28 13:20:30 UTC 2026","","__tests__/utils","",""
"","1","reports 0 of N before any work starts","","Mon Sep 28 13:21:04 UTC 2026","passed","Mon Sep 28 13:21:04 UTC 2026","","__tests__/modules/listing","",""
"","1","should not apply the Saudi 9-digit limit to other countries","","Mon Sep 28 13:20:30 UTC 2026","passed","Mon Sep 28 13:20:30 UTC 2026","","__tests__/utils","",""
"","1","preserves theme while resetting user session slices","","Mon Sep 28 13:21:05 UTC 2026","passed","Mon Sep 28 13:21:05 UTC 2026","","__tests__/store","",""
"","0","should keep waiting when pricesLoading is false but no price arrived yet","","Mon Sep 28 13:20:59 UTC 2026","passed","Mon Sep 28 13:20:59 UTC 2026","","__tests__/modules/listing","",""
"","0","should store the selected id when selectExample is dispatched","","Mon Sep 28 13:21:04 UTC 2026","passed","Mon Sep 28 13:21:04 UTC 2026","","src/modules/_example/__tests__","",""
"","1","should apply the selected country's rules on login","","Mon Sep 28 13:20:30 UTC 2026","passed","Mon Sep 28 13:20:30 UTC 2026","","__tests__/utils","",""
"","2","thins labels to respect the available width","","Mon Sep 28 13:21:01 UTC 2026","passed","Mon Sep 28 13:21:01 UTC 2026","buildDateTicks","__tests__/modules/product","",""
"","1","should offer tracking for a PENDING order","","Mon Sep 28 13:21:00 UTC 2026","passed","Mon Sep 28 13:21:00 UTC 2026","","src/modules/order/__tests__","",""
"","1","should convert Arabic-Indic digits and the Arabic decimal mark","","Mon Sep 28 13:20:53 UTC 2026","passed","Mon Sep 28 13:20:53 UTC 2026","","__tests__/modules/listing","",""
"","0","should return nulls when specs are missing","","Mon Sep 28 13:20:53 UTC 2026","passed","Mon Sep 28 13:20:53 UTC 2026","","__tests__/modules/listing","",""
"","0","should hide once the shipment is DELIVERED","","Mon Sep 28 13:20:29 UTC 2026","passed","Mon Sep 28 13:20:29 UTC 2026","","__tests__/services","",""
"","8","should treat a country as a match for its own name and code","","Mon Sep 28 13:20:30 UTC 2026","passed","Mon Sep 28 13:20:30 UTC 2026","","__tests__/utils","",""
"","0","should prefer amountSar over the source amount","","Mon Sep 28 13:20:59 UTC 2026","passed","Mon Sep 28 13:20:59 UTC 2026","","__tests__/modules/listing","",""
"","1","clears error when flow returns to IDLE","","Mon Sep 28 13:21:03 UTC 2026","passed","Mon Sep 28 13:21:03 UTC 2026","","__tests__/modules/checkout","",""
"","92291","switch-language-and-verify-rtl","E2E","Mon Sep 28 11:42:13 UTC 2026","failed","Mon Sep 28 11:43:45 UTC 2026","Test Suite","E2E (Maestro)","switch-language-and-verify-rtl",""
"","1","should never send the word Other as the value","","Mon Sep 28 13:20:57 UTC 2026","passed","Mon Sep 28 13:20:57 UTC 2026","","__tests__/utils","",""
"","132428","logout-success","E2E","Mon Sep 28 10:25:13 UTC 2026","passed","Mon Sep 28 10:27:25 UTC 2026","Test Suite","E2E (Maestro)","logout-success",""
"","1","returns model when backing out of details","","Mon Sep 28 13:21:05 UTC 2026","passed","Mon Sep 28 13:21:05 UTC 2026","","__tests__/modules/listing","",""
"","1","should id filter tabs and chips by their filter key","","Mon Sep 28 13:21:03 UTC 2026","passed","Mon Sep 28 13:21:03 UTC 2026","","src/modules/order/__tests__","",""
"","1","should return null when there is no status","","Mon Sep 28 13:20:59 UTC 2026","passed","Mon Sep 28 13:20:59 UTC 2026","","__tests__/modules/auth","",""
"","1","should coerce a non-boolean hasMore to a boolean","","Mon Sep 28 13:21:04 UTC 2026","passed","Mon Sep 28 13:21:04 UTC 2026","","src/modules/_example/__tests__","",""
"","1","should count items across every shipment","","Mon Sep 28 13:21:00 UTC 2026","passed","Mon Sep 28 13:21:00 UTC 2026","","src/modules/order/__tests__","",""
"Buyer My Orders components render the status and actions each order status allows,
under the testIDs the Maestro flows in .maestro/flows/orders/buyer-*.yaml select.","88","should expose a PENDING order as PENDING on its status badge","","Mon Sep 28 13:20:58 UTC 2026","passed","Mon Sep 28 13:20:58 UTC 2026","","src/modules/order/__tests__","",""
"","0","should send the discount amount when it is below the price","","Mon Sep 28 13:20:53 UTC 2026","passed","Mon Sep 28 13:20:53 UTC 2026","","__tests__/modules/listing","",""
"","166124","seller-orders-list","E2E","Mon Sep 28 11:57:08 UTC 2026","passed","Mon Sep 28 11:59:54 UTC 2026","Test Suite","E2E (Maestro)","seller-orders-list",""
"","50512","open-settings-guest","E2E","Mon Sep 28 11:01:36 UTC 2026","passed","Mon Sep 28 11:02:26 UTC 2026","Test Suite","E2E (Maestro)","open-settings-guest",""
"","17","passes null for a region with no price, so nothing gets filled in","","Mon Sep 28 13:21:01 UTC 2026","passed","Mon Sep 28 13:21:01 UTC 2026","","__tests__/shared","",""
"","0","should return Riyadh for the reported Diriyah address","","Mon Sep 28 13:21:00 UTC 2026","passed","Mon Sep 28 13:21:00 UTC 2026","","__tests__/utils","",""
"","0","is null before any payload arrives","","Mon Sep 28 13:21:04 UTC 2026","passed","Mon Sep 28 13:21:04 UTC 2026","","__tests__/modules/product","",""
"","0","reads a series with points as ready","","Mon Sep 28 13:21:04 UTC 2026","passed","Mon Sep 28 13:21:04 UTC 2026","without historyStatus (older backend)","__tests__/modules/product","",""
"","0","only offers ranges the API will accept","","Mon Sep 28 13:21:05 UTC 2026","passed","Mon Sep 28 13:21:05 UTC 2026","","__tests__/modules/product","",""
"","1","should upper-case and strip spaces","","Mon Sep 28 13:21:03 UTC 2026","passed","Mon Sep 28 13:21:03 UTC 2026","","__tests__/utils","",""
"","0","should label IN_AUTHENTICATION for the seller","","Mon Sep 28 13:20:29 UTC 2026","passed","Mon Sep 28 13:20:29 UTC 2026","","__tests__/services","",""
"","8","shows a single price for NEW, not a range","","Mon Sep 28 13:21:00 UTC 2026","passed","Mon Sep 28 13:21:00 UTC 2026","rendering","__tests__/listing","",""
"","2","should offer tracking for a OUT_FOR_DELIVERY order","","Mon Sep 28 13:21:00 UTC 2026","passed","Mon Sep 28 13:21:00 UTC 2026","","src/modules/order/__tests__","",""
"","0","should resolve the dial code for IN","","Mon Sep 28 13:20:30 UTC 2026","passed","Mon Sep 28 13:20:30 UTC 2026","","__tests__/utils","",""
"","0","omits undefined optional fields","","Mon Sep 28 13:21:03 UTC 2026","passed","Mon Sep 28 13:21:03 UTC 2026","filterToQueryParams","__tests__/modules/product","",""
"","193398","open-from-home","E2E","Mon Sep 28 11:27:07 UTC 2026","failed","Mon Sep 28 11:30:20 UTC 2026","Test Suite","E2E (Maestro)","open-from-home",""
"","0","should allow a paid order through","","Mon Sep 28 13:21:04 UTC 2026","passed","Mon Sep 28 13:21:04 UTC 2026","","__tests__/utils","",""
"","2","keeps polling right up to the deadline","","Mon Sep 28 13:21:03 UTC 2026","passed","Mon Sep 28 13:21:03 UTC 2026","","__tests__/shared","",""
"","1","should be idle when the listing has no watch reference","","Mon Sep 28 13:20:59 UTC 2026","passed","Mon Sep 28 13:20:59 UTC 2026","","__tests__/modules/listing","",""
"","1","should reject a number longer than 9 digits","","Mon Sep 28 13:20:30 UTC 2026","passed","Mon Sep 28 13:20:30 UTC 2026","","__tests__/utils","",""
"","1","should trim surrounding whitespace","","Mon Sep 28 13:21:00 UTC 2026","passed","Mon Sep 28 13:21:00 UTC 2026","","__tests__/utils","",""
"","0","retraces the forward shape in reverse","","Mon Sep 28 13:21:01 UTC 2026","passed","Mon Sep 28 13:21:01 UTC 2026","stepBackward","__tests__/modules/product","",""
"","1","should show PREPARING_FOR_DISPATCH as PROCESSING","","Mon Sep 28 13:21:00 UTC 2026","passed","Mon Sep 28 13:21:00 UTC 2026","","src/modules/order/__tests__","",""
"","25","never renders a misleading 0% or 0 Items","","Mon Sep 28 13:21:02 UTC 2026","passed","Mon Sep 28 13:21:02 UTC 2026","","__tests__/modules/market","",""
"","1","should read a wrapped message","","Mon Sep 28 13:20:59 UTC 2026","passed","Mon Sep 28 13:20:59 UTC 2026","","__tests__/modules/auth","",""
"","1","ignores a recommended price with no usable amount","","Mon Sep 28 13:20:57 UTC 2026","passed","Mon Sep 28 13:20:57 UTC 2026","","__tests__/shared","",""
"","0","should produce a code the existing validator accepts","","Mon Sep 28 13:21:03 UTC 2026","passed","Mon Sep 28 13:21:03 UTC 2026","","__tests__/utils","",""
"","0","moves a recommended Asia card right after Global","","Mon Sep 28 13:20:57 UTC 2026","passed","Mon Sep 28 13:20:57 UTC 2026","","__tests__/shared","",""
"","203294","04-payment-declined","E2E","Mon Sep 28 12:49:08 UTC 2026","failed","Mon Sep 28 12:52:31 UTC 2026","Test Suite","E2E (Maestro)","04-payment-declined",""
"","0","should replace a retired condition so the picker matches the payload","","Mon Sep 28 13:20:53 UTC 2026","passed","Mon Sep 28 13:20:53 UTC 2026","","__tests__/modules/listing","",""
"","202276","seller-order-detail","E2E","Mon Sep 28 12:14:39 UTC 2026","passed","Mon Sep 28 12:18:01 UTC 2026","Test Suite","E2E (Maestro)","seller-order-detail",""
"","185147","seller-orders-filter-in-progress","E2E","Mon Sep 28 12:05:37 UTC 2026","passed","Mon Sep 28 12:08:43 UTC 2026","Test Suite","E2E (Maestro)","seller-orders-filter-in-progress",""
"","54","shows amounts only for regions the backend has cached","","Mon Sep 28 13:21:01 UTC 2026","passed","Mon Sep 28 13:21:01 UTC 2026","","__tests__/shared","",""
"","1","should colour each status family distinctly","","Mon Sep 28 13:21:00 UTC 2026","passed","Mon Sep 28 13:21:00 UTC 2026","","src/modules/order/__tests__","",""
"","7","always returns the four regions in g · na · eu · as order","","Mon Sep 28 13:20:57 UTC 2026","passed","Mon Sep 28 13:20:57 UTC 2026","","__tests__/shared","",""
"","1","should allow the download once segment 1 has a tracking number AND a label url","","Mon Sep 28 13:20:29 UTC 2026","passed","Mon Sep 28 13:20:29 UTC 2026","","__tests__/services","",""
"","1","should send no authorization header without a token","","Mon Sep 28 13:20:29 UTC 2026","passed","Mon Sep 28 13:20:29 UTC 2026","","__tests__/services","",""
"","1","should return the initial state when given an unknown action","","Mon Sep 28 13:21:04 UTC 2026","passed","Mon Sep 28 13:21:04 UTC 2026","","src/modules/_example/__tests__","",""
"","2","should name each waybill outcome","","Mon Sep 28 13:21:03 UTC 2026","passed","Mon Sep 28 13:21:03 UTC 2026","","src/modules/order/__tests__","",""
"Buyer My Orders components render the status and actions each order status allows,
under the testIDs the Maestro flows in .maestro/flows/orders/buyer-*.yaml select.","151","should offer details and tracking for an order still on its way","","Mon Sep 28 13:20:58 UTC 2026","passed","Mon Sep 28 13:20:59 UTC 2026","","src/modules/order/__tests__","",""
"","21","hands the tapped card's SAR amount to the caller","","Mon Sep 28 13:21:01 UTC 2026","passed","Mon Sep 28 13:21:01 UTC 2026","card layout for the seller Price step","__tests__/shared","",""
"Seller's sold-orders screens: the list (status chips, rows carrying their status)
and the order detail (waybill + tracking controls, and the outcome of a waybill
download). The Maestro flows in .maestro/flows/orders/seller-*.yaml drive these on
the real QA seller; these tests cover the states that account may not be in.","60","should carry each order's status on its row, in list order","","Mon Sep 28 13:20:52 UTC 2026","passed","Mon Sep 28 13:20:52 UTC 2026","","__tests__/screens","",""
"Buyer My Orders components render the status and actions each order status allows,
under the testIDs the Maestro flows in .maestro/flows/orders/buyer-*.yaml select.","96","should offer cancel only when the server says the order is cancellable","","Mon Sep 28 13:20:59 UTC 2026","passed","Mon Sep 28 13:20:59 UTC 2026","","src/modules/order/__tests__","",""
"","0","is flat for missing / invalid values","","Mon Sep 28 13:21:04 UTC 2026","passed","Mon Sep 28 13:21:04 UTC 2026","resolveTrendDirection","src/modules/market/__tests__","",""
"","0","should reject a number shorter than 9 digits","","Mon Sep 28 13:20:30 UTC 2026","passed","Mon Sep 28 13:20:30 UTC 2026","","__tests__/utils","",""
"","1","still falls back to the product list snapshot","","Mon Sep 28 13:21:01 UTC 2026","passed","Mon Sep 28 13:21:01 UTC 2026","payloads from before regional pricing","__tests__/modules/product","",""
"","1","should leave an address without a code untouched","","Mon Sep 28 13:21:03 UTC 2026","passed","Mon Sep 28 13:21:03 UTC 2026","","__tests__/utils","",""
"","1","should delegate to the existing Saudi helpers","","Mon Sep 28 13:20:30 UTC 2026","passed","Mon Sep 28 13:20:30 UTC 2026","","__tests__/utils","",""
"","0","is true for the all-placeholder payload of an unmapped product","","Mon Sep 28 13:20:57 UTC 2026","passed","Mon Sep 28 13:20:57 UTC 2026","","__tests__/shared","",""
"","0","should reject empty and zero prices","","Mon Sep 28 13:20:53 UTC 2026","passed","Mon Sep 28 13:20:53 UTC 2026","","__tests__/modules/listing","",""
"","982","should write a masked copy of a screenshot it can check","","Mon Sep 28 13:20:55 UTC 2026","passed","Mon Sep 28 13:20:56 UTC 2026","","__tests__/scripts","",""
"","0","should leave the tab status DELIVERED unchanged","","Mon Sep 28 13:21:00 UTC 2026","passed","Mon Sep 28 13:21:00 UTC 2026","","src/modules/order/__tests__","",""
"","1","should not rewrite Jeddah to its province","","Mon Sep 28 13:21:00 UTC 2026","passed","Mon Sep 28 13:21:00 UTC 2026","","__tests__/utils","",""
"","0","drops unknown regions and collapses duplicates","","Mon Sep 28 13:20:57 UTC 2026","passed","Mon Sep 28 13:20:57 UTC 2026","","__tests__/shared","",""
"","0","should keep one decimal point and at most two decimals","","Mon Sep 28 13:20:53 UTC 2026","passed","Mon Sep 28 13:20:53 UTC 2026","","__tests__/modules/listing","",""
"","12","changes the amount when the seller switches condition","","Mon Sep 28 13:21:00 UTC 2026","passed","Mon Sep 28 13:21:00 UTC 2026","rendering","__tests__/listing","",""
"Buyer My Orders components render the status and actions each order status allows,
under the testIDs the Maestro flows in .maestro/flows/orders/buyer-*.yaml select.","90","should show a checking state, not a cancel button, while eligibility loads","","Mon Sep 28 13:20:59 UTC 2026","passed","Mon Sep 28 13:20:59 UTC 2026","","src/modules/order/__tests__","",""
"","0","should send the seller's own number when they type instead","","Mon Sep 28 13:20:59 UTC 2026","passed","Mon Sep 28 13:20:59 UTC 2026","","__tests__/modules/listing","",""
"","1","should resolve the dial code for EG","","Mon Sep 28 13:20:30 UTC 2026","passed","Mon Sep 28 13:20:30 UTC 2026","","__tests__/utils","",""
"","2","does not downgrade verified auth status when profile is still pending","","Mon Sep 28 13:21:05 UTC 2026","passed","Mon Sep 28 13:21:05 UTC 2026","","__tests__/utils","",""
"","0","should map Diriyah spelling variants","","Mon Sep 28 13:21:00 UTC 2026","passed","Mon Sep 28 13:21:00 UTC 2026","","__tests__/utils","",""
"","63469","pull-to-refresh","E2E","Mon Sep 28 11:00:32 UTC 2026","failed","Mon Sep 28 11:01:36 UTC 2026","Test Suite","E2E (Maestro)","pull-to-refresh",""
"","2","keeps the work already done in the percentage and stays under 100","","Mon Sep 28 13:20:59 UTC 2026","passed","Mon Sep 28 13:20:59 UTC 2026","failure","__tests__/shared","",""
"","1","accepts only the four appraisal regions","","Mon Sep 28 13:20:57 UTC 2026","passed","Mon Sep 28 13:20:57 UTC 2026","","__tests__/shared","",""
"","1","should ignore case, spaces and hyphens","","Mon Sep 28 13:21:04 UTC 2026","passed","Mon Sep 28 13:21:04 UTC 2026","","__tests__/utils","",""
"","0","should use the backend's own label when it sends one","","Mon Sep 28 13:21:00 UTC 2026","passed","Mon Sep 28 13:21:00 UTC 2026","","src/modules/order/__tests__","",""
"","0","should handle empty input","","Mon Sep 28 13:21:00 UTC 2026","passed","Mon Sep 28 13:21:00 UTC 2026","","__tests__/utils","",""
"","14","hands the tapped region's SAR amount to the caller","","Mon Sep 28 13:21:01 UTC 2026","passed","Mon Sep 28 13:21:01 UTC 2026","","__tests__/shared","",""
"","1","adds a + sign only to positive values","","Mon Sep 28 13:21:04 UTC 2026","passed","Mon Sep 28 13:21:04 UTC 2026","formatSignedPct","src/modules/market/__tests__","",""
"","47229","login-required-modal-cancel","E2E","Mon Sep 28 10:10:27 UTC 2026","passed","Mon Sep 28 10:11:14 UTC 2026","Test Suite","E2E (Maestro)","login-required-modal-cancel",""
"","126063","buyer-my-orders","E2E","Mon Sep 28 10:31:41 UTC 2026","passed","Mon Sep 28 10:33:47 UTC 2026","Test Suite","E2E (Maestro)","buyer-my-orders",""
"","1458","should put the terminal failure first, ahead of recovered warnings","","Mon Sep 28 13:20:54 UTC 2026","passed","Mon Sep 28 13:20:55 UTC 2026","","__tests__/scripts","",""
"","1","detects no active filters on defaults","","Mon Sep 28 13:21:03 UTC 2026","passed","Mon Sep 28 13:21:03 UTC 2026","hasActiveFilters / countActiveFilters / withFilterMeta","__tests__/modules/product","",""
"","13","uses the sampled price-card background, matching the market price card","","Mon Sep 28 13:21:00 UTC 2026","passed","Mon Sep 28 13:21:00 UTC 2026","dark-theme colours (Figma)","__tests__/listing","",""
"","0","should not match a status that merely contains 'pending'","","Mon Sep 28 13:21:04 UTC 2026","passed","Mon Sep 28 13:21:04 UTC 2026","","__tests__/utils","",""
"","0","should reject a number that does not start with 5","","Mon Sep 28 13:20:30 UTC 2026","passed","Mon Sep 28 13:20:30 UTC 2026","","__tests__/utils","",""
"Seller's sold-orders screens: the list (status chips, rows carrying their status)
and the order detail (waybill + tracking controls, and the outcome of a waybill
download). The Maestro flows in .maestro/flows/orders/seller-*.yaml drive these on
the real QA seller; these tests cover the states that account may not be in.","130","should report a download that returns {""ok"":false,""notReady"":false} as 'failed'","","Mon Sep 28 13:20:51 UTC 2026","passed","Mon Sep 28 13:20:51 UTC 2026","waybill","__tests__/screens","",""
"","1","should read a plain status","","Mon Sep 28 13:20:59 UTC 2026","passed","Mon Sep 28 13:20:59 UTC 2026","","__tests__/modules/auth","",""
"","1","should store the option value through the normal validator","","Mon Sep 28 13:20:57 UTC 2026","passed","Mon Sep 28 13:20:57 UTC 2026","","__tests__/utils","",""
"","0","should leave the discount empty when the sale price equals the base price","","Mon Sep 28 13:20:53 UTC 2026","passed","Mon Sep 28 13:20:53 UTC 2026","","__tests__/modules/listing","",""
"","2","should accept a valid US number and format it to E.164","","Mon Sep 28 13:20:30 UTC 2026","passed","Mon Sep 28 13:20:30 UTC 2026","","__tests__/utils","",""
"","38","should give every country a dial code and both names","","Mon Sep 28 13:20:30 UTC 2026","passed","Mon Sep 28 13:20:30 UTC 2026","","__tests__/utils","",""
"","1","returns details when backing out of review","","Mon Sep 28 13:21:05 UTC 2026","passed","Mon Sep 28 13:21:05 UTC 2026","","__tests__/modules/listing","",""
"","165761","account-menu-seller","E2E","Mon Sep 28 11:43:45 UTC 2026","passed","Mon Sep 28 11:46:31 UTC 2026","Test Suite","E2E (Maestro)","account-menu-seller",""
"","3","gives up after the attempt budget instead of polling forever","","Mon Sep 28 13:21:03 UTC 2026","passed","Mon Sep 28 13:21:03 UTC 2026","","__tests__/shared","",""
"","0","falls back to the market price for MINT, which the backend never quotes","","Mon Sep 28 13:21:03 UTC 2026","passed","Mon Sep 28 13:21:03 UTC 2026","","__tests__/listing","",""
"","1","should send a signup on an existing phone to login","","Mon Sep 28 13:20:59 UTC 2026","passed","Mon Sep 28 13:20:59 UTC 2026","","__tests__/modules/auth","",""
"","1","maps cart totals into a CartSummary","","Mon Sep 28 13:21:05 UTC 2026","passed","Mon Sep 28 13:21:05 UTC 2026","","__tests__/modules/cart","",""
"","0","has no duplicate pills","","Mon Sep 28 13:21:05 UTC 2026","passed","Mon Sep 28 13:21:05 UTC 2026","","__tests__/modules/product","",""
"","0","survives a payload that is not an object","","Mon Sep 28 13:20:57 UTC 2026","passed","Mon Sep 28 13:20:57 UTC 2026","","__tests__/shared","",""
"","0","should derive the amount off from a lower sale price","","Mon Sep 28 13:20:53 UTC 2026","passed","Mon Sep 28 13:20:53 UTC 2026","","__tests__/modules/listing","",""
"","1","renders a swapped pair low to high","","Mon Sep 28 13:21:03 UTC 2026","passed","Mon Sep 28 13:21:03 UTC 2026","","__tests__/listing","",""
"","2","should download the PDF with the seller's token and open the share sheet","","Mon Sep 28 13:20:29 UTC 2026","passed","Mon Sep 28 13:20:29 UTC 2026","","__tests__/services","",""
"","0","should mask {""resource-id"":""myOrders-text-orderNo-0""}","","Mon Sep 28 13:20:54 UTC 2026","passed","Mon Sep 28 13:20:54 UTC 2026","","__tests__/scripts","",""
"","1","should reject a too-short number","","Mon Sep 28 13:20:30 UTC 2026","passed","Mon Sep 28 13:20:30 UTC 2026","","__tests__/utils","",""
"","1","should block a pending payment","","Mon Sep 28 13:21:04 UTC 2026","passed","Mon Sep 28 13:21:04 UTC 2026","","__tests__/utils","",""
"","1","derives search query and brand ids from filters","","Mon Sep 28 13:21:05 UTC 2026","passed","Mon Sep 28 13:21:05 UTC 2026","","__tests__/modules/product","",""
"","1","should still require manual catalog attributes when no reference is selected","","Mon Sep 28 13:21:04 UTC 2026","passed","Mon Sep 28 13:21:04 UTC 2026","","__tests__/modules/listing","",""
"","0","detects filter key change when second gender is added","","Mon Sep 28 13:21:05 UTC 2026","passed","Mon Sep 28 13:21:05 UTC 2026","","__tests__/modules/product","",""
"","0","ignores the reason text when historyStatus is present","","Mon Sep 28 13:21:04 UTC 2026","passed","Mon Sep 28 13:21:04 UTC 2026","with historyStatus (current backend)","__tests__/modules/product","",""
"","1","should end every status-bearing id in the status","","Mon Sep 28 13:21:03 UTC 2026","passed","Mon Sep 28 13:21:03 UTC 2026","","src/modules/order/__tests__","",""
"","1","keeps a leading month that starts on a real boundary","","Mon Sep 28 13:21:01 UTC 2026","passed","Mon Sep 28 13:21:01 UTC 2026","buildDateTicks","__tests__/modules/product","",""
"","0","should leave {""resource-id"":""login-button-submit"",""accessibilityText"":""Sign in""} readable","","Mon Sep 28 13:20:54 UTC 2026","passed","Mon Sep 28 13:20:54 UTC 2026","","__tests__/scripts","",""
"","0","syncs verified status from profile when auth is stale","","Mon Sep 28 13:21:05 UTC 2026","passed","Mon Sep 28 13:21:05 UTC 2026","","__tests__/utils","",""
"","0","calls a near-identical price at market rather than 0.1% below","","Mon Sep 28 13:20:57 UTC 2026","passed","Mon Sep 28 13:20:57 UTC 2026","","__tests__/shared","",""
"","0","should pick case size and case material by key or label","","Mon Sep 28 13:20:53 UTC 2026","passed","Mon Sep 28 13:20:53 UTC 2026","","__tests__/modules/listing","",""
"","1","returns false for an empty draft","","Mon Sep 28 13:21:03 UTC 2026","passed","Mon Sep 28 13:21:03 UTC 2026","","__tests__/modules/listing","",""
"","1","selects product listing and count","","Mon Sep 28 13:21:05 UTC 2026","passed","Mon Sep 28 13:21:05 UTC 2026","","__tests__/modules/product","",""
"","0","returns details for detail sub-screens","","Mon Sep 28 13:21:05 UTC 2026","passed","Mon Sep 28 13:21:05 UTC 2026","","__tests__/modules/listing","",""
"","211629","buyer-order-tracking","E2E","Mon Sep 28 11:17:51 UTC 2026","passed","Mon Sep 28 11:21:23 UTC 2026","Test Suite","E2E (Maestro)","buyer-order-tracking",""
"","1","should fall back to DRAFT when the status is unrecognized","","Mon Sep 28 13:21:04 UTC 2026","passed","Mon Sep 28 13:21:04 UTC 2026","","src/modules/_example/__tests__","",""
"","1","does not overwrite verified auth status when profile omits sellerVerifyStatus","","Mon Sep 28 13:21:05 UTC 2026","passed","Mon Sep 28 13:21:05 UTC 2026","","__tests__/utils","",""
"","1","should mask {""resource-id"":""checkout-row-deliveryAddress""}","","Mon Sep 28 13:20:54 UTC 2026","passed","Mon Sep 28 13:20:54 UTC 2026","","__tests__/scripts","",""
"","1","replaces saved draft without clearing when starting a fresh session elsewhere","","Mon Sep 28 13:21:03 UTC 2026","passed","Mon Sep 28 13:21:03 UTC 2026","","__tests__/modules/listing","",""
"","0","should not allow it for a missing shipment","","Mon Sep 28 13:20:29 UTC 2026","passed","Mon Sep 28 13:20:29 UTC 2026","","__tests__/services","",""
"","0","should produce a placeholder mask in the existing Saudi style","","Mon Sep 28 13:20:30 UTC 2026","passed","Mon Sep 28 13:20:30 UTC 2026","","__tests__/utils","",""
"","45382","continue-shopping","E2E","Mon Sep 28 10:05:06 UTC 2026","passed","Mon Sep 28 10:05:51 UTC 2026","Test Suite","E2E (Maestro)","continue-shopping",""
"","0","returns null rather than dividing by a missing market price","","Mon Sep 28 13:20:57 UTC 2026","passed","Mon Sep 28 13:20:57 UTC 2026","","__tests__/shared","",""
"","0","should leave the tab status PARTIALLY_DELIVERED unchanged","","Mon Sep 28 13:21:00 UTC 2026","passed","Mon Sep 28 13:21:00 UTC 2026","","src/modules/order/__tests__","",""
"","0","produces null headlines and empty item lists","","Mon Sep 28 13:21:04 UTC 2026","passed","Mon Sep 28 13:21:04 UTC 2026","emptyMarketMovers","src/modules/market/__tests__","",""
"","0","should surface an invalid or unsupported phone as a plain retry","","Mon Sep 28 13:20:59 UTC 2026","passed","Mon Sep 28 13:20:59 UTC 2026","","__tests__/modules/auth","",""
"","1","honours an explicit choice","","Mon Sep 28 13:20:57 UTC 2026","passed","Mon Sep 28 13:20:57 UTC 2026","","__tests__/shared","",""
"","1","should mask the account holder's name and photo by their testIDs","","Mon Sep 28 13:20:54 UTC 2026","passed","Mon Sep 28 13:20:54 UTC 2026","","__tests__/scripts","",""
"","1","should read an HTTP-date Retry-After","","Mon Sep 28 13:20:59 UTC 2026","passed","Mon Sep 28 13:20:59 UTC 2026","","__tests__/modules/auth","",""
"","0","still shows NEW and MINT when only NEW is quoted","","Mon Sep 28 13:21:03 UTC 2026","passed","Mon Sep 28 13:21:03 UTC 2026","","__tests__/listing","",""
"","1","should report not-ready when the label endpoint answers 404","","Mon Sep 28 13:20:29 UTC 2026","passed","Mon Sep 28 13:20:29 UTC 2026","","__tests__/services","",""
"","0","should describe a OUT_FOR_DELIVERY shipment","","Mon Sep 28 13:21:00 UTC 2026","passed","Mon Sep 28 13:21:00 UTC 2026","","src/modules/order/__tests__","",""
"","0","matches Math.min/Math.max without spreading","","Mon Sep 28 13:21:01 UTC 2026","passed","Mon Sep 28 13:21:01 UTC 2026","extent","__tests__/modules/product","",""
"Seller's sold-orders screens: the list (status chips, rows carrying their status)
and the order detail (waybill + tracking controls, and the outcome of a waybill
download). The Maestro flows in .maestro/flows/orders/seller-*.yaml drive these on
the real QA seller; these tests cover the states that account may not be in.","115","should show segment 2 as pending until Bling ships to the buyer","","Mon Sep 28 13:20:51 UTC 2026","passed","Mon Sep 28 13:20:51 UTC 2026","tracking","__tests__/screens","",""
"","18","renders real figures untouched when the API has data","","Mon Sep 28 13:21:02 UTC 2026","passed","Mon Sep 28 13:21:02 UTC 2026","","__tests__/modules/market","",""
"","2","should reject missing, empty, zero, and non-numeric values","","Mon Sep 28 13:20:59 UTC 2026","passed","Mon Sep 28 13:20:59 UTC 2026","","__tests__/modules/listing","",""
"","1","should include Saudi Arabia with its calling code and Arabic name","","Mon Sep 28 13:20:30 UTC 2026","passed","Mon Sep 28 13:20:30 UTC 2026","","__tests__/utils","",""
"","1","should never be a value a user could select by accident","","Mon Sep 28 13:20:57 UTC 2026","passed","Mon Sep 28 13:20:57 UTC 2026","","__tests__/utils","",""
"","0","should not offer tracking for a COMPLETED order","","Mon Sep 28 13:21:00 UTC 2026","passed","Mon Sep 28 13:21:00 UTC 2026","","src/modules/order/__tests__","",""
"","1","should not offer MINT (""New without tags"") to sellers","","Mon Sep 28 13:20:53 UTC 2026","passed","Mon Sep 28 13:20:53 UTC 2026","","__tests__/modules/listing","",""
"","1","should map items and pagination when the payload is well formed","","Mon Sep 28 13:21:04 UTC 2026","passed","Mon Sep 28 13:21:04 UTC 2026","","src/modules/_example/__tests__","",""
"","1","should strip thousands separators","","Mon Sep 28 13:20:53 UTC 2026","passed","Mon Sep 28 13:20:53 UTC 2026","","__tests__/modules/listing","",""
"","3","should mask the home greeting's name and photo band, which has no digits to catch","","Mon Sep 28 13:20:54 UTC 2026","passed","Mon Sep 28 13:20:54 UTC 2026","","__tests__/scripts","",""
"Fresh-install (deferred) deep link scenarios.

These cover the one launch that cannot be re-run by hand on a device without
uninstalling first: the first open after a store install, where the deep link
arrives from cached install attribution rather than an inbound URL.

Each `launch()` uses jest.resetModules() to reset module-level state the way a
cold start does, while AsyncStorage contents survive — exactly like a real
app relaunch.","10","drops the code after the app is killed, leaving normal signup only","","Mon Sep 28 13:20:53 UTC 2026","passed","Mon Sep 28 13:20:53 UTC 2026","","__tests__/services/deeplink","",""
"","0","should never emit +966 for a valid EG number","","Mon Sep 28 13:20:30 UTC 2026","passed","Mon Sep 28 13:20:30 UTC 2026","","__tests__/utils","",""
"","2","marks only the failing step and does not complete the rest","","Mon Sep 28 13:20:59 UTC 2026","passed","Mon Sep 28 13:20:59 UTC 2026","failure","__tests__/shared","",""
"","2","should show SHIPPED as PROCESSING","","Mon Sep 28 13:21:00 UTC 2026","passed","Mon Sep 28 13:21:00 UTC 2026","","src/modules/order/__tests__","",""
"","0","should format the plain draft value with thousands separators","","Mon Sep 28 13:20:53 UTC 2026","passed","Mon Sep 28 13:20:53 UTC 2026","","__tests__/modules/listing","",""
"","11","marks the recommended region","","Mon Sep 28 13:21:01 UTC 2026","passed","Mon Sep 28 13:21:01 UTC 2026","card layout for the seller Price step","__tests__/shared","",""
"","0","should return null when there is nothing to track","","Mon Sep 28 13:20:29 UTC 2026","passed","Mon Sep 28 13:20:29 UTC 2026","","__tests__/services","",""
"","1","should hide once the shipment is PICKED_UP","","Mon Sep 28 13:20:29 UTC 2026","passed","Mon Sep 28 13:20:29 UTC 2026","","__tests__/services","",""
"","1","should keep the Saudi error message for Saudi and a generic one otherwise","","Mon Sep 28 13:20:30 UTC 2026","passed","Mon Sep 28 13:20:30 UTC 2026","","__tests__/utils","",""
"","6","reset returns to idle and clears state","","Mon Sep 28 13:20:59 UTC 2026","passed","Mon Sep 28 13:20:59 UTC 2026","bookkeeping","__tests__/shared","",""
"","0","should mask {""text"":""qa@bling.example""}","","Mon Sep 28 13:20:54 UTC 2026","passed","Mon Sep 28 13:20:54 UTC 2026","","__tests__/scripts","",""
"","0","should replace a stale copy of the label left in the cache","","Mon Sep 28 13:20:29 UTC 2026","passed","Mon Sep 28 13:20:29 UTC 2026","","__tests__/services","",""
"","0","should match on the Arabic name","","Mon Sep 28 13:20:30 UTC 2026","passed","Mon Sep 28 13:20:30 UTC 2026","","__tests__/utils","",""
"","0","should hide once the shipment is DROPPED_WAREHOUSE","","Mon Sep 28 13:20:29 UTC 2026","passed","Mon Sep 28 13:20:29 UTC 2026","","__tests__/services","",""
"","191258","02-buyer-finds-and-buys-product","E2E","Mon Sep 28 12:44:08 UTC 2026","failed","Mon Sep 28 12:47:19 UTC 2026","Test Suite","E2E (Maestro)","02-buyer-finds-and-buys-product",""
"Buyer My Orders components render the status and actions each order status allows,
under the testIDs the Maestro flows in .maestro/flows/orders/buyer-*.yaml select.","10","should expose a OUT_FOR_DELIVERY order as PROCESSING on its status badge","","Mon Sep 28 13:20:58 UTC 2026","passed","Mon Sep 28 13:20:58 UTC 2026","","src/modules/order/__tests__","",""
"","0","prefers the regional row over the recommendedPrice alias","","Mon Sep 28 13:21:01 UTC 2026","passed","Mon Sep 28 13:21:01 UTC 2026","","__tests__/modules/product","",""
"Seller's sold-orders screens: the list (status chips, rows carrying their status)
and the order detail (waybill + tracking controls, and the outcome of a waybill
download). The Maestro flows in .maestro/flows/orders/seller-*.yaml drive these on
the real QA seller; these tests cover the states that account may not be in.","31","should show the empty state when the seller has sold nothing under a filter","","Mon Sep 28 13:20:52 UTC 2026","passed","Mon Sep 28 13:20:52 UTC 2026","","__tests__/screens","",""
"","0","should accept a valid EG number and format it to E.164","","Mon Sep 28 13:20:30 UTC 2026","passed","Mon Sep 28 13:20:30 UTC 2026","","__tests__/utils","",""
"","1","should treat a verify 401 as a plain failure, not a missing account","","Mon Sep 28 13:20:59 UTC 2026","passed","Mon Sep 28 13:20:59 UTC 2026","","__tests__/modules/auth","",""
"","0","trusts historyStatus unavailable","","Mon Sep 28 13:21:04 UTC 2026","passed","Mon Sep 28 13:21:04 UTC 2026","with historyStatus (current backend)","__tests__/modules/product","",""
"","0","should return the selected id","","Mon Sep 28 13:21:04 UTC 2026","passed","Mon Sep 28 13:21:04 UTC 2026","","src/modules/_example/__tests__","",""
"","0","should never emit +966 for a valid AE number","","Mon Sep 28 13:20:30 UTC 2026","passed","Mon Sep 28 13:20:30 UTC 2026","","__tests__/utils","",""
"Seller's sold-orders screens: the list (status chips, rows carrying their status)
and the order detail (waybill + tracking controls, and the outcome of a waybill
download). The Maestro flows in .maestro/flows/orders/seller-*.yaml drive these on
the real QA seller; these tests cover the states that account may not be in.","109","should ask the seller to print the label while the parcel is still with them","","Mon Sep 28 13:20:50 UTC 2026","passed","Mon Sep 28 13:20:50 UTC 2026","waybill","__tests__/screens","",""
"","71498","login-invalid-phone","E2E","Mon Sep 28 10:13:09 UTC 2026","passed","Mon Sep 28 10:14:21 UTC 2026","Test Suite","E2E (Maestro)","login-invalid-phone",""
"","2","should block the other unpaid spellings","","Mon Sep 28 13:21:04 UTC 2026","passed","Mon Sep 28 13:21:04 UTC 2026","","__tests__/utils","",""
"","170418","open-wallet","E2E","Mon Sep 28 11:21:23 UTC 2026","passed","Mon Sep 28 11:24:13 UTC 2026","Test Suite","E2E (Maestro)","open-wallet",""
"","32","lists the recommended region straight after Global when asked","","Mon Sep 28 13:21:01 UTC 2026","passed","Mon Sep 28 13:21:01 UTC 2026","","__tests__/shared","",""
"","2","should find segment 1 (seller → Bling) and segment 2 (Bling → buyer) by number","","Mon Sep 28 13:20:29 UTC 2026","passed","Mon Sep 28 13:20:29 UTC 2026","","__tests__/services","",""
"","0","resumes at review when draft is complete even after navigating back","","Mon Sep 28 13:21:04 UTC 2026","passed","Mon Sep 28 13:21:04 UTC 2026","","__tests__/modules/listing","",""
"","0","should leave {""resource-id"":""account-menu-orderTracking""} readable","","Mon Sep 28 13:20:54 UTC 2026","passed","Mon Sep 28 13:20:54 UTC 2026","","__tests__/scripts","",""
"","120279","login-success-seller","E2E","Mon Sep 28 10:23:12 UTC 2026","passed","Mon Sep 28 10:25:13 UTC 2026","Test Suite","E2E (Maestro)","login-success-seller",""
"","2","should accept a valid GB number and format it to E.164","","Mon Sep 28 13:20:30 UTC 2026","passed","Mon Sep 28 13:20:30 UTC 2026","","__tests__/utils","",""
"","0","should classify a verify rate limit","","Mon Sep 28 13:20:59 UTC 2026","passed","Mon Sep 28 13:20:59 UTC 2026","","__tests__/modules/auth","",""
"","0","should offer tracking for a IN_PROGRESS order","","Mon Sep 28 13:21:00 UTC 2026","passed","Mon Sep 28 13:21:00 UTC 2026","","src/modules/order/__tests__","",""
"","1","rejects the zero placeholders that stand in for a missing region","","Mon Sep 28 13:20:57 UTC 2026","passed","Mon Sep 28 13:20:57 UTC 2026","","__tests__/shared","",""
"","0","should send a NUMBER attribute's option as a number","","Mon Sep 28 13:20:57 UTC 2026","passed","Mon Sep 28 13:20:57 UTC 2026","","__tests__/utils","",""
"","1","should drop the Google region suffix","","Mon Sep 28 13:21:00 UTC 2026","passed","Mon Sep 28 13:21:00 UTC 2026","","__tests__/utils","",""
"","513","should withhold a screenshot with no hierarchy to mask against","","Mon Sep 28 13:20:56 UTC 2026","passed","Mon Sep 28 13:20:57 UTC 2026","","__tests__/scripts","",""
"","168641","open-support-tickets","E2E","Mon Sep 28 11:33:28 UTC 2026","passed","Mon Sep 28 11:36:17 UTC 2026","Test Suite","E2E (Maestro)","open-support-tickets",""
"Buyer My Orders components render the status and actions each order status allows,
under the testIDs the Maestro flows in .maestro/flows/orders/buyer-*.yaml select.","17","should mark only the selected tab as selected","","Mon Sep 28 13:20:58 UTC 2026","passed","Mon Sep 28 13:20:58 UTC 2026","","src/modules/order/__tests__","",""
"","0","should match a partial name anywhere in the string","","Mon Sep 28 13:20:30 UTC 2026","passed","Mon Sep 28 13:20:30 UTC 2026","","__tests__/utils","",""
"","1","should default price to zero when the backend omits it","","Mon Sep 28 13:21:04 UTC 2026","passed","Mon Sep 28 13:21:04 UTC 2026","","src/modules/_example/__tests__","",""
"","0","should parse formatted values","","Mon Sep 28 13:20:53 UTC 2026","passed","Mon Sep 28 13:20:53 UTC 2026","","__tests__/modules/listing","",""
"","8","reads as selected once its amount is in the price field","","Mon Sep 28 13:21:00 UTC 2026","passed","Mon Sep 28 13:21:00 UTC 2026","tapping the card","__tests__/listing","",""
"","0","moves a recommended Europe card right after Global","","Mon Sep 28 13:20:57 UTC 2026","passed","Mon Sep 28 13:20:57 UTC 2026","","__tests__/shared","",""
"","1","should keep an upper-case backend status as it is","","Mon Sep 28 13:21:03 UTC 2026","passed","Mon Sep 28 13:21:03 UTC 2026","","src/modules/order/__tests__","",""
"","0","should return an empty list when items is missing","","Mon Sep 28 13:21:04 UTC 2026","passed","Mon Sep 28 13:21:04 UTC 2026","","src/modules/_example/__tests__","",""
"Fresh-install (deferred) deep link scenarios.

These cover the one launch that cannot be re-run by hand on a device without
uninstalling first: the first open after a store install, where the deep link
arrives from cached install attribution rather than an inbound URL.

Each `launch()` uses jest.resetModules() to reset module-level state the way a
cold start does, while AsyncStorage contents survive — exactly like a real
app relaunch.","7","does not route again on the next launch","","Mon Sep 28 13:20:53 UTC 2026","passed","Mon Sep 28 13:20:53 UTC 2026","","__tests__/services/deeplink","",""
"","0","should map every field when the response is complete","","Mon Sep 28 13:21:04 UTC 2026","passed","Mon Sep 28 13:21:04 UTC 2026","","src/modules/_example/__tests__","",""
"","0","should leave the tab status PENDING unchanged","","Mon Sep 28 13:21:00 UTC 2026","passed","Mon Sep 28 13:21:00 UTC 2026","","src/modules/order/__tests__","",""
"","169043","account-menu-buyer","E2E","Mon Sep 28 11:08:54 UTC 2026","passed","Mon Sep 28 11:11:43 UTC 2026","Test Suite","E2E (Maestro)","account-menu-buyer",""
"","2","should match on the English name, case-insensitively","","Mon Sep 28 13:20:30 UTC 2026","passed","Mon Sep 28 13:20:30 UTC 2026","","__tests__/utils","",""
"","0","falls back to amount only when the source currency is already SAR","","Mon Sep 28 13:20:57 UTC 2026","passed","Mon Sep 28 13:20:57 UTC 2026","","__tests__/shared","",""
"","1","should never name the seller to the buyer","","Mon Sep 28 13:21:00 UTC 2026","passed","Mon Sep 28 13:21:00 UTC 2026","","src/modules/order/__tests__","",""
"","1","should prefer the backend's relative url","","Mon Sep 28 13:20:29 UTC 2026","passed","Mon Sep 28 13:20:29 UTC 2026","","__tests__/services","",""
"","0","should match on the ISO code","","Mon Sep 28 13:20:30 UTC 2026","passed","Mon Sep 28 13:20:30 UTC 2026","","__tests__/utils","",""
"","1","syncs saved sessions and first-time new sessions only","","Mon Sep 28 13:21:03 UTC 2026","passed","Mon Sep 28 13:21:03 UTC 2026","","__tests__/modules/listing","",""
"","0","should never emit +966 for a valid US number","","Mon Sep 28 13:20:30 UTC 2026","passed","Mon Sep 28 13:20:30 UTC 2026","","__tests__/utils","",""
"","58603","switch-theme-modes","E2E","Mon Sep 28 11:02:26 UTC 2026","passed","Mon Sep 28 11:03:25 UTC 2026","Test Suite","E2E (Maestro)","switch-theme-modes",""
"Buyer My Orders components render the status and actions each order status allows,
under the testIDs the Maestro flows in .maestro/flows/orders/buyer-*.yaml select.","10","should expose a DELIVERED order as DELIVERED on its status badge","","Mon Sep 28 13:20:58 UTC 2026","passed","Mon Sep 28 13:20:58 UTC 2026","","src/modules/order/__tests__","",""
"","1","should clear the selection when selectExample is dispatched with null","","Mon Sep 28 13:21:04 UTC 2026","passed","Mon Sep 28 13:21:04 UTC 2026","","src/modules/_example/__tests__","",""
"","1","should report nothing selected when the attribute has no options","","Mon Sep 28 13:20:57 UTC 2026","passed","Mon Sep 28 13:20:57 UTC 2026","","__tests__/utils","",""
"","0","should strip the region suffix when no alias applies","","Mon Sep 28 13:21:00 UTC 2026","passed","Mon Sep 28 13:21:00 UTC 2026","","__tests__/utils","",""
"","1","should complete every stage before the furthest one reached","","Mon Sep 28 13:20:29 UTC 2026","passed","Mon Sep 28 13:20:29 UTC 2026","","__tests__/services","",""
"","204030","buyer-opens-checkout","E2E","Mon Sep 28 12:36:17 UTC 2026","failed","Mon Sep 28 12:39:41 UTC 2026","Test Suite","E2E (Maestro)","buyer-opens-checkout",""
"","0","should contain every country libphonenumber supports","","Mon Sep 28 13:20:30 UTC 2026","passed","Mon Sep 28 13:20:30 UTC 2026","","__tests__/utils","",""
"","0","should not allow it before DHL has issued the label","","Mon Sep 28 13:20:29 UTC 2026","passed","Mon Sep 28 13:20:29 UTC 2026","","__tests__/services","",""
"","0","handles an empty series","","Mon Sep 28 13:21:01 UTC 2026","passed","Mon Sep 28 13:21:01 UTC 2026","buildDateTicks","__tests__/modules/product","",""
"","0","should label PICKED_UP for the seller","","Mon Sep 28 13:20:29 UTC 2026","passed","Mon Sep 28 13:20:29 UTC 2026","","__tests__/services","",""
"","0","should prefer the list status over the raw order status","","Mon Sep 28 13:21:00 UTC 2026","passed","Mon Sep 28 13:21:00 UTC 2026","","src/modules/order/__tests__","",""
"","176427","seller-orders-filter-completed","E2E","Mon Sep 28 12:08:43 UTC 2026","passed","Mon Sep 28 12:11:39 UTC 2026","Test Suite","E2E (Maestro)","seller-orders-filter-completed",""
"","0","should label PICKED_VENDOR for the seller","","Mon Sep 28 13:20:29 UTC 2026","passed","Mon Sep 28 13:20:29 UTC 2026","","__tests__/services","",""
"","0","computes resume route from draft completion","","Mon Sep 28 13:21:04 UTC 2026","passed","Mon Sep 28 13:21:04 UTC 2026","","__tests__/modules/listing","",""
"","1","should be true for TEXT and NUMBER","","Mon Sep 28 13:20:57 UTC 2026","passed","Mon Sep 28 13:20:57 UTC 2026","","__tests__/utils","",""
"","0","should preselect only the condition while the price is still loading","","Mon Sep 28 13:20:53 UTC 2026","passed","Mon Sep 28 13:20:53 UTC 2026","","__tests__/modules/listing","",""
"","190394","seller-order-tracking","E2E","Mon Sep 28 12:21:10 UTC 2026","passed","Mon Sep 28 12:24:21 UTC 2026","Test Suite","E2E (Maestro)","seller-order-tracking",""
"","0","should default currency to SAR when the backend omits it","","Mon Sep 28 13:21:04 UTC 2026","passed","Mon Sep 28 13:21:04 UTC 2026","","src/modules/_example/__tests__","",""
"","0","renders exactly as it did before, with no region selected","","Mon Sep 28 13:21:01 UTC 2026","passed","Mon Sep 28 13:21:01 UTC 2026","payloads from before regional pricing","__tests__/modules/product","",""
"","0","should never emit +966 for a valid GB number","","Mon Sep 28 13:20:30 UTC 2026","passed","Mon Sep 28 13:20:30 UTC 2026","","__tests__/utils","",""
"","0","should accept a formatted or padded string","","Mon Sep 28 13:20:59 UTC 2026","passed","Mon Sep 28 13:20:59 UTC 2026","","__tests__/modules/listing","",""
"","0","should send the SAR amount when the seller taps a recommendation","","Mon Sep 28 13:20:59 UTC 2026","passed","Mon Sep 28 13:20:59 UTC 2026","","__tests__/modules/listing","",""
"","53059","cold-start-no-onboarding","E2E","Mon Sep 28 10:57:58 UTC 2026","passed","Mon Sep 28 10:58:51 UTC 2026","Test Suite","E2E (Maestro)","cold-start-no-onboarding",""
"","1","falls back to the first region that has a price","","Mon Sep 28 13:20:57 UTC 2026","passed","Mon Sep 28 13:20:57 UTC 2026","","__tests__/shared","",""
"","0","keeps the price pill inside the plot bounds","","Mon Sep 28 13:21:01 UTC 2026","passed","Mon Sep 28 13:21:01 UTC 2026","clamp","__tests__/modules/product","",""
"","2","should accept 4 letters followed by 4 digits","","Mon Sep 28 13:21:03 UTC 2026","passed","Mon Sep 28 13:21:03 UTC 2026","","__tests__/utils","",""
"","108978","otp-incomplete-disabled","E2E","Mon Sep 28 10:14:21 UTC 2026","passed","Mon Sep 28 10:16:10 UTC 2026","Test Suite","E2E (Maestro)","otp-incomplete-disabled",""
"","1","should send the custom value entered under Other","","Mon Sep 28 13:20:57 UTC 2026","passed","Mon Sep 28 13:20:57 UTC 2026","","__tests__/utils","",""
"","1","should still accept the conditions a seller can pick","","Mon Sep 28 13:20:53 UTC 2026","passed","Mon Sep 28 13:20:53 UTC 2026","","__tests__/modules/listing","",""
"","7","fills the middle of the band for a used grade","","Mon Sep 28 13:21:00 UTC 2026","passed","Mon Sep 28 13:21:00 UTC 2026","tapping the card","__tests__/listing","",""
"","0","should ignore case","","Mon Sep 28 13:20:29 UTC 2026","passed","Mon Sep 28 13:20:29 UTC 2026","","__tests__/services","",""
"","0","reads empty points plus a reason as pending","","Mon Sep 28 13:21:04 UTC 2026","passed","Mon Sep 28 13:21:04 UTC 2026","without historyStatus (older backend)","__tests__/modules/product","",""
"","0","should label ASSIGNED for the seller","","Mon Sep 28 13:20:29 UTC 2026","passed","Mon Sep 28 13:20:29 UTC 2026","","__tests__/services","",""
"","1","should show IN_PROGRESS as PROCESSING","","Mon Sep 28 13:21:00 UTC 2026","passed","Mon Sep 28 13:21:00 UTC 2026","","src/modules/order/__tests__","",""
"","1","should omit manual catalog attributeValues from the API body when reference is selected","","Mon Sep 28 13:21:04 UTC 2026","passed","Mon Sep 28 13:21:04 UTC 2026","","__tests__/modules/listing","",""
"Seller's sold-orders screens: the list (status chips, rows carrying their status)
and the order detail (waybill + tracking controls, and the outcome of a waybill
download). The Maestro flows in .maestro/flows/orders/seller-*.yaml drive these on
the real QA seller; these tests cover the states that account may not be in.","100","should show 'label pending' and no download before the label exists","","Mon Sep 28 13:20:51 UTC 2026","passed","Mon Sep 28 13:20:51 UTC 2026","waybill","__tests__/screens","",""
"","0","keeps only pagination and sorting","","Mon Sep 28 13:21:03 UTC 2026","passed","Mon Sep 28 13:21:03 UTC 2026","clearFilters","__tests__/modules/product","",""
"","1","works without a progress callback","","Mon Sep 28 13:21:04 UTC 2026","passed","Mon Sep 28 13:21:04 UTC 2026","","__tests__/modules/listing","",""
"","2","should apply the same phone rules on signup","","Mon Sep 28 13:20:30 UTC 2026","passed","Mon Sep 28 13:20:30 UTC 2026","","__tests__/utils","",""
"","1","should read a numeric Retry-After header","","Mon Sep 28 13:20:59 UTC 2026","passed","Mon Sep 28 13:20:59 UTC 2026","","__tests__/modules/auth","",""
"","0","should report not-ready when the label endpoint answers 425","","Mon Sep 28 13:20:29 UTC 2026","passed","Mon Sep 28 13:20:29 UTC 2026","","__tests__/services","",""
"","0","should mask {""accessibilityText"":""waybill-1018465066""}","","Mon Sep 28 13:20:54 UTC 2026","passed","Mon Sep 28 13:20:54 UTC 2026","","__tests__/scripts","",""
"","2","starts in IDLE with no active session","","Mon Sep 28 13:21:03 UTC 2026","passed","Mon Sep 28 13:21:03 UTC 2026","","__tests__/modules/checkout","",""
"","4","polls on the contract's cadence while regions are incomplete","","Mon Sep 28 13:21:03 UTC 2026","passed","Mon Sep 28 13:21:03 UTC 2026","","__tests__/shared","",""
"","0","should not offer tracking for a CANCELLED order","","Mon Sep 28 13:21:00 UTC 2026","passed","Mon Sep 28 13:21:00 UTC 2026","","src/modules/order/__tests__","",""
"","1","does not ship the 3y pill the backend rejects","","Mon Sep 28 13:21:05 UTC 2026","passed","Mon Sep 28 13:21:05 UTC 2026","","__tests__/modules/product","",""
"","0","should preserve a valid status","","Mon Sep 28 13:21:04 UTC 2026","passed","Mon Sep 28 13:21:04 UTC 2026","","src/modules/_example/__tests__","",""
"","0","should return null for an unknown or missing status, so the raw one is shown","","Mon Sep 28 13:20:29 UTC 2026","passed","Mon Sep 28 13:20:29 UTC 2026","","__tests__/services","",""
"","1","clamps out-of-range fractions","","Mon Sep 28 13:20:59 UTC 2026","passed","Mon Sep 28 13:20:59 UTC 2026","percentage reflects real weighted work","__tests__/shared","",""
"","2","should upper-case and underscore anything else, so one regex covers every spelling","","Mon Sep 28 13:21:03 UTC 2026","passed","Mon Sep 28 13:21:03 UTC 2026","","src/modules/order/__tests__","",""
"","0","should leave every stage pending when nothing is known yet","","Mon Sep 28 13:20:29 UTC 2026","passed","Mon Sep 28 13:20:29 UTC 2026","","__tests__/services","",""
"","0","should leave the tab status CANCELLED unchanged","","Mon Sep 28 13:21:00 UTC 2026","passed","Mon Sep 28 13:21:00 UTC 2026","","src/modules/order/__tests__","",""
"","1","returns true for verified statuses","","Mon Sep 28 13:21:05 UTC 2026","passed","Mon Sep 28 13:21:05 UTC 2026","","__tests__/utils","",""
"","0","should fall back to DHL's public tracking page for a bare tracking number","","Mon Sep 28 13:20:29 UTC 2026","passed","Mon Sep 28 13:20:29 UTC 2026","","__tests__/services","",""
"","0","should label DROPPED_WAREHOUSE for the seller","","Mon Sep 28 13:20:29 UTC 2026","passed","Mon Sep 28 13:20:29 UTC 2026","","__tests__/services","",""
"","0","should allow cancelling a IN_PROGRESS order","","Mon Sep 28 13:21:00 UTC 2026","passed","Mon Sep 28 13:21:00 UTC 2026","","src/modules/order/__tests__","",""
"Seller's sold-orders screens: the list (status chips, rows carrying their status)
and the order detail (waybill + tracking controls, and the outcome of a waybill
download). The Maestro flows in .maestro/flows/orders/seller-*.yaml drive these on
the real QA seller; these tests cover the states that account may not be in.","12","should offer a retry when the order fails to load","","Mon Sep 28 13:20:51 UTC 2026","passed","Mon Sep 28 13:20:51 UTC 2026","","__tests__/screens","",""
"","1","should return nothing for a query that matches no country","","Mon Sep 28 13:20:30 UTC 2026","passed","Mon Sep 28 13:20:30 UTC 2026","","__tests__/utils","",""
"","0","should read a numeric string status","","Mon Sep 28 13:20:59 UTC 2026","passed","Mon Sep 28 13:20:59 UTC 2026","","__tests__/modules/auth","",""
"","1","detects active filters excluding mode and sections","","Mon Sep 28 13:21:05 UTC 2026","passed","Mon Sep 28 13:21:05 UTC 2026","","__tests__/modules/product","",""
"","1","should offer exactly the backend condition values","","Mon Sep 28 13:20:53 UTC 2026","passed","Mon Sep 28 13:20:53 UTC 2026","","__tests__/modules/listing","",""
"","98","shows a low – high range for a used grade","","Mon Sep 28 13:21:00 UTC 2026","passed","Mon Sep 28 13:21:00 UTC 2026","rendering","__tests__/listing","",""
"","1","marks NEW as a point price, not a range","","Mon Sep 28 13:21:03 UTC 2026","passed","Mon Sep 28 13:21:03 UTC 2026","","__tests__/listing","",""
"","1","returns the used-grade band for each used condition","","Mon Sep 28 13:21:03 UTC 2026","passed","Mon Sep 28 13:21:03 UTC 2026","","__tests__/listing","",""
"","43959","shop-browse","E2E","Mon Sep 28 10:05:51 UTC 2026","passed","Mon Sep 28 10:06:35 UTC 2026","Test Suite","E2E (Maestro)","shop-browse",""
"","2","can show a step in_progress while an earlier-weighted one is done","","Mon Sep 28 13:20:59 UTC 2026","passed","Mon Sep 28 13:20:59 UTC 2026","steps are never driven by the percentage","__tests__/shared","",""
"","2","reaches 100 only via succeed()","","Mon Sep 28 13:20:59 UTC 2026","passed","Mon Sep 28 13:20:59 UTC 2026","never reports 100% before success","__tests__/shared","",""
"","0","should keep the address when the code is the entire string","","Mon Sep 28 13:21:03 UTC 2026","passed","Mon Sep 28 13:21:03 UTC 2026","","__tests__/utils","",""
"","1","should report a custom value as Other and keep it","","Mon Sep 28 13:20:57 UTC 2026","passed","Mon Sep 28 13:20:57 UTC 2026","","__tests__/utils","",""
